,accounting,airport,amusement_park,aquarium,art_gallery,atm,bakery,bank,bar,beauty_salon,bicycle_store,book_store,bowling_alley,bus_station,cafe,campground,car_dealer,car_rental,car_repair,car_wash,casino,cemetery,church,city_hall,clothing_store,convenience_store,courthouse,dentist,department_store,doctor,electrician,electronics_store,embassy,fire_station,florist,food (deprecated),funeral_home,furniture_store,gas_station,grocery_or_supermarket,gym,hair_care,hardware_store,hindu_temple,home_goods_store,hospital,id,insurance_agency,jewelry_store,lat,laundry,lawyer,library,liquor_store,lng,local_government_office,locksmith,lodging,meal_delivery,meal_takeaway,mosque,movie_rental,movie_theater,moving_company,museum,name,night_club,num_photos,painter,park,parking,pet_store,pharmacy,physiotherapist,place_id,plumber,police,post_office,rating,real_estate_agency,restaurant,roofing_contractor,rv_park,school,shoe_store,shopping_mall,spa,stadium,storage,store,subway_station,synagogue,taxi_stand,train_station,transit_station,travel_agency,university,veterinary_care,vicinity,zoo
0,0.0,0.0,0.0,0.0,0.0,0.0,0.0,0.0,0.0,0.0,0.0,0.0,0.0,0.0,0.0,0.0,0.0,1.0,0.0,0.0,0.0,0.0,0.0,0.0,0.0,0.0,0.0,0.0,0.0,0.0,0.0,0.0,0.0,0.0,0.0,0.0,0.0,0.0,0.0,0.0,0.0,0.0,0.0,0.0,0.0,0.0,41b2218181dad8674ee9d324ab35694973af6bae,0.0,0.0,38.9986321,0.0,0.0,0.0,0.0,-77.0312748,0.0,0.0,0.0,0.0,0.0,0.0,0.0,0.0,0.0,0.0,Brooks and Erin's Subaru,0.0,1,0.0,0.0,0.0,0.0,0.0,0.0,ChIJLcJ9j7fIt4kR9ejNHtdsO8o,0.0,0.0,0.0,,0.0,0.0,0.0,0.0,0.0,0.0,0.0,0.0,0.0,0.0,0.0,0.0,0.0,0.0,0.0,0.0,0.0,0.0,0.0,"8750 Georgia Avenue, Silver Spring",0.0
1,0.0,0.0,0.0,0.0,0.0,0.0,0.0,0.0,0.0,0.0,0.0,0.0,0.0,0.0,0.0,0.0,0.0,1.0,0.0,0.0,0.0,0.0,0.0,0.0,0.0,0.0,0.0,0.0,0.0,0.0,0.0,0.0,0.0,0.0,0.0,0.0,0.0,0.0,0.0,0.0,0.0,0.0,0.0,0.0,0.0,0.0,41b2218181dad8674ee9d324ab35694973af6bae,0.0,0.0,38.9986321,0.0,0.0,0.0,0.0,-77.0312748,0.0,0.0,0.0,0.0,0.0,0.0,0.0,0.0,0.0,0.0,Brooks and Erin's Subaru,0.0,1,0.0,0.0,0.0,0.0,0.0,0.0,ChIJLcJ9j7fIt4kR9ejNHtdsO8o,0.0,0.0,0.0,,0.0,0.0,0.0,0.0,0.0,0.0,0.0,0.0,0.0,0.0,0.0,0.0,0.0,0.0,0.0,0.0,0.0,0.0,0.0,"8750 Georgia Avenue, Silver Spring",0.0
2,0.0,0.0,0.0,0.0,0.0,0.0,0.0,0.0,0.0,0.0,0.0,0.0,0.0,0.0,0.0,0.0,0.0,1.0,0.0,0.0,0.0,0.0,0.0,0.0,0.0,0.0,0.0,0.0,0.0,0.0,0.0,0.0,0.0,0.0,0.0,0.0,0.0,0.0,0.0,0.0,0.0,0.0,0.0,0.0,0.0,0.0,31a6be01f8508d8ec291fcd659c276490a738189,0.0,0.0,38.9919939,0.0,0.0,0.0,0.0,-77.0273545,0.0,0.0,0.0,0.0,0.0,0.0,0.0,0.0,0.0,0.0,Enterprise Rent-A-Car,0.0,1,0.0,0.0,0.0,0.0,0.0,0.0,ChIJ663PD7zIt4kR7DF3yTtKevk,0.0,0.0,0.0,3.4,0.0,0.0,0.0,0.0,0.0,0.0,0.0,0.0,0.0,0.0,0.0,0.0,0.0,0.0,0.0,0.0,0.0,0.0,0.0,"8208 Georgia Avenue, Silver Spring",0.0
3,0.0,0.0,0.0,0.0,0.0,0.0,0.0,0.0,0.0,0.0,0.0,0.0,0.0,0.0,0.0,0.0,0.0,1.0,0.0,0.0,0.0,0.0,0.0,0.0,0.0,0.0,0.0,0.0,0.0,0.0,0.0,0.0,0.0,0.0,0.0,0.0,0.0,0.0,0.0,0.0,0.0,0.0,0.0,0.0,0.0,0.0,c7ab51ea5bddba20d18561e3508dd63d00cc4998,0.0,0.0,38.9917997,0.0,0.0,0.0,0.0,-77.0262005,0.0,0.0,0.0,0.0,0.0,0.0,0.0,0.0,0.0,0.0,Hertz Rent A Car,0.0,0,0.0,0.0,0.0,0.0,0.0,0.0,ChIJ1bZkErzIt4kRwC1cfFimosc,0.0,0.0,0.0,2.4,0.0,0.0,0.0,0.0,0.0,0.0,0.0,0.0,0.0,0.0,0.0,0.0,0.0,0.0,0.0,0.0,0.0,0.0,0.0,"8203 Georgia Avenue, Silver Spring",0.0
4,0.0,0.0,0.0,0.0,0.0,0.0,0.0,0.0,0.0,0.0,0.0,0.0,0.0,0.0,0.0,0.0,0.0,1.0,0.0,0.0,0.0,0.0,0.0,0.0,0.0,0.0,0.0,0.0,0.0,0.0,0.0,0.0,0.0,0.0,0.0,0.0,0.0,0.0,0.0,0.0,0.0,0.0,0.0,0.0,0.0,0.0,12390d1f1fb4329d353f8b010c33e02064a032b6,0.0,0.0,38.996794,0.0,0.0,0.0,0.0,-77.029696,0.0,0.0,0.0,0.0,0.0,0.0,0.0,0.0,0.0,0.0,Rent A Hand,0.0,0,0.0,0.0,0.0,0.0,0.0,0.0,ChIJ4yBlxLnIt4kR_5Byahp2zuI,0.0,0.0,0.0,,0.0,0.0,0.0,0.0,0.0,0.0,0.0,0.0,0.0,0.0,0.0,0.0,0.0,0.0,0.0,0.0,0.0,0.0,0.0,"8670 Georgia Avenue, Silver Spring",0.0
5,0.0,0.0,0.0,0.0,0.0,0.0,0.0,0.0,0.0,0.0,0.0,0.0,0.0,0.0,0.0,0.0,0.0,1.0,0.0,0.0,0.0,0.0,0.0,0.0,0.0,0.0,0.0,0.0,0.0,0.0,0.0,0.0,0.0,0.0,0.0,0.0,0.0,0.0,0.0,0.0,0.0,0.0,0.0,0.0,0.0,0.0,c7ab51ea5bddba20d18561e3508dd63d00cc4998,0.0,0.0,38.9917997,0.0,0.0,0.0,0.0,-77.0262005,0.0,0.0,0.0,0.0,0.0,0.0,0.0,0.0,0.0,0.0,Hertz Rent A Car,0.0,0,0.0,0.0,0.0,0.0,0.0,0.0,ChIJ1bZkErzIt4kRwC1cfFimosc,0.0,0.0,0.0,2.4,0.0,0.0,0.0,0.0,0.0,0.0,0.0,0.0,0.0,0.0,0.0,0.0,0.0,0.0,0.0,0.0,0.0,0.0,0.0,"8203 Georgia Avenue, Silver Spring",0.0
6,0.0,0.0,0.0,0.0,0.0,0.0,0.0,0.0,0.0,0.0,0.0,0.0,0.0,0.0,0.0,0.0,0.0,1.0,0.0,0.0,0.0,0.0,0.0,0.0,0.0,0.0,0.0,0.0,0.0,0.0,0.0,0.0,0.0,0.0,0.0,0.0,0.0,0.0,0.0,0.0,0.0,0.0,0.0,0.0,0.0,0.0,0102d28cd20fc23d851e2a5b4e2424b62acf9336,0.0,0.0,38.9914652,0.0,0.0,0.0,0.0,-77.0245308,0.0,0.0,0.0,0.0,0.0,0.0,0.0,0.0,0.0,0.0,E Z Car Rental,0.0,0,0.0,0.0,0.0,0.0,0.0,0.0,ChIJTSyTiLzIt4kRgMbTPWIAVxM,0.0,0.0,0.0,,0.0,0.0,0.0,0.0,0.0,0.0,0.0,0.0,0.0,0.0,0.0,0.0,0.0,0.0,0.0,0.0,0.0,0.0,0.0,"904 Silver Spring Avenue, Silver Spring",0.0
7,0.0,0.0,0.0,0.0,0.0,0.0,0.0,0.0,0.0,0.0,0.0,0.0,0.0,0.0,0.0,0.0,0.0,1.0,0.0,0.0,0.0,0.0,0.0,0.0,0.0,0.0,0.0,0.0,0.0,0.0,0.0,0.0,0.0,0.0,0.0,0.0,0.0,0.0,0.0,0.0,0.0,0.0,0.0,0.0,0.0,0.0,31a6be01f8508d8ec291fcd659c276490a738189,0.0,0.0,38.9919939,0.0,0.0,0.0,0.0,-77.0273545,0.0,0.0,0.0,0.0,0.0,0.0,0.0,0.0,0.0,0.0,Enterprise Rent-A-Car,0.0,1,0.0,0.0,0.0,0.0,0.0,0.0,ChIJ663PD7zIt4kR7DF3yTtKevk,0.0,0.0,0.0,3.4,0.0,0.0,0.0,0.0,0.0,0.0,0.0,0.0,0.0,0.0,0.0,0.0,0.0,0.0,0.0,0.0,0.0,0.0,0.0,"8208 Georgia Avenue, Silver Spring",0.0
8,0.0,0.0,0.0,0.0,0.0,0.0,0.0,0.0,0.0,0.0,0.0,0.0,0.0,0.0,0.0,0.0,0.0,1.0,0.0,0.0,0.0,0.0,0.0,0.0,0.0,0.0,0.0,0.0,0.0,0.0,0.0,0.0,0.0,0.0,0.0,0.0,0.0,0.0,0.0,0.0,0.0,0.0,0.0,0.0,0.0,0.0,830748dc56330a310c8a6b0d365c893104a739da,0.0,0.0,38.9915522,0.0,0.0,0.0,0.0,-77.0244977,0.0,0.0,0.0,0.0,0.0,0.0,0.0,0.0,0.0,0.0,BARGAIN RENT A CAR,0.0,0,0.0,0.0,0.0,0.0,0.0,0.0,ChIJh1HtiLzIt4kRnDmhLJcZomU,0.0,0.0,0.0,,0.0,0.0,0.0,0.0,0.0,0.0,0.0,0.0,0.0,0.0,0.0,0.0,0.0,0.0,0.0,0.0,0.0,0.0,0.0,"904 Silver Spring Avenue, Silver Spring",0.0
9,0.0,0.0,0.0,0.0,0.0,0.0,0.0,0.0,0.0,0.0,0.0,0.0,0.0,0.0,0.0,0.0,0.0,1.0,0.0,0.0,0.0,0.0,0.0,0.0,0.0,0.0,0.0,0.0,0.0,0.0,0.0,0.0,0.0,0.0,0.0,0.0,0.0,0.0,0.0,0.0,0.0,0.0,0.0,0.0,0.0,0.0,cf171ac1a4bfe5e5941738f1f6a78045a22efa42,0.0,0.0,38.9913411,0.0,0.0,0.0,0.0,-77.0145373,0.0,0.0,0.0,0.0,0.0,0.0,0.0,0.0,0.0,0.0,Budget Car Rental,0.0,1,0.0,0.0,0.0,0.0,0.0,0.0,ChIJC0K_zKbIt4kRv2sEzGQdJyI,0.0,0.0,0.0,2.8,0.0,0.0,0.0,0.0,0.0,0.0,0.0,0.0,0.0,0.0,0.0,0.0,0.0,0.0,0.0,0.0,0.0,0.0,0.0,"619 Sligo Avenue, Silver Spring",0.0
10,0.0,0.0,0.0,0.0,0.0,0.0,0.0,0.0,0.0,0.0,0.0,0.0,0.0,0.0,0.0,0.0,0.0,1.0,0.0,0.0,0.0,0.0,0.0,0.0,0.0,0.0,0.0,0.0,0.0,0.0,0.0,0.0,0.0,0.0,0.0,0.0,0.0,0.0,0.0,0.0,0.0,0.0,0.0,0.0,0.0,0.0,4fc8f8048f336cb15c3fe0b4f19fe08b52842566,0.0,0.0,38.9913816,0.0,0.0,0.0,0.0,-77.0145481,0.0,0.0,0.0,0.0,0.0,0.0,0.0,0.0,0.0,0.0,Avis Car rental,0.0,0,0.0,0.0,0.0,0.0,0.0,0.0,ChIJ6VsxyqbIt4kRRm1JWyIwDc4,0.0,0.0,0.0,,0.0,0.0,0.0,0.0,0.0,0.0,0.0,0.0,0.0,0.0,0.0,0.0,0.0,0.0,0.0,0.0,0.0,0.0,0.0,"619 Sligo Avenue, Silver Spring",0.0
11,0.0,0.0,0.0,0.0,0.0,0.0,0.0,0.0,0.0,0.0,0.0,0.0,0.0,0.0,0.0,0.0,0.0,1.0,0.0,0.0,0.0,0.0,0.0,0.0,0.0,0.0,0.0,0.0,0.0,0.0,0.0,0.0,0.0,0.0,0.0,0.0,0.0,0.0,0.0,0.0,0.0,0.0,0.0,0.0,0.0,0.0,023c405702e1817e66b04e0855217c9bd3d6b0a8,0.0,0.0,38.9737926,0.0,0.0,0.0,0.0,-77.0146394,0.0,0.0,0.0,0.0,0.0,0.0,0.0,0.0,0.0,0.0,Enterprise CarShare,0.0,0,0.0,0.0,0.0,0.0,0.0,0.0,ChIJfXk7EYPIt4kRmpTZcyNkLFQ,0.0,0.0,0.0,,0.0,0.0,0.0,0.0,0.0,0.0,0.0,0.0,0.0,0.0,0.0,0.0,0.0,0.0,0.0,0.0,0.0,0.0,0.0,"6924 Willow St NW, 6 blocks from Takoma Metro, Washington",0.0
12,0.0,0.0,0.0,0.0,0.0,0.0,0.0,0.0,0.0,0.0,0.0,0.0,0.0,0.0,0.0,0.0,0.0,1.0,0.0,0.0,0.0,0.0,0.0,0.0,0.0,0.0,0.0,0.0,0.0,0.0,0.0,0.0,0.0,0.0,0.0,0.0,0.0,0.0,0.0,0.0,0.0,0.0,0.0,0.0,0.0,0.0,48727e50544d750da000ca5068098fa25b4fd43f,0.0,0.0,38.9686026,0.0,0.0,0.0,0.0,-77.0343621,0.0,0.0,0.0,0.0,0.0,0.0,0.0,0.0,0.0,0.0,Jara Limo Service,0.0,1,0.0,0.0,0.0,0.0,0.0,0.0,ChIJGx_HRvXIt4kRIQcAl3iIr2k,0.0,0.0,0.0,,0.0,0.0,0.0,0.0,0.0,0.0,0.0,0.0,0.0,0.0,0.0,0.0,0.0,0.0,0.0,0.0,0.0,0.0,0.0,"6445 Luzon Avenue Northwest, Washington",0.0
13,0.0,0.0,0.0,0.0,0.0,0.0,0.0,0.0,0.0,0.0,0.0,0.0,0.0,0.0,0.0,0.0,0.0,1.0,0.0,0.0,0.0,0.0,0.0,0.0,0.0,0.0,0.0,0.0,0.0,0.0,0.0,0.0,0.0,0.0,0.0,0.0,0.0,0.0,0.0,0.0,0.0,0.0,0.0,0.0,0.0,0.0,b1cc6427d0e8992a507fd60d37035e1903615019,0.0,0.0,38.9616502,0.0,0.0,0.0,0.0,-77.0097248,0.0,0.0,0.0,0.0,0.0,0.0,0.0,0.0,0.0,0.0,Budget Car Rental,0.0,0,0.0,0.0,0.0,0.0,0.0,0.0,ChIJ46CbmtXHt4kR28P-qUZ2HOo,0.0,0.0,0.0,4.7,0.0,0.0,0.0,0.0,0.0,0.0,0.0,0.0,0.0,0.0,0.0,0.0,0.0,0.0,0.0,0.0,0.0,0.0,0.0,"5911 Blair Road Northwest, Washington",0.0
14,0.0,0.0,0.0,0.0,0.0,0.0,0.0,0.0,0.0,0.0,0.0,0.0,0.0,0.0,0.0,0.0,0.0,1.0,0.0,0.0,0.0,0.0,0.0,0.0,0.0,0.0,0.0,0.0,0.0,0.0,0.0,0.0,0.0,0.0,0.0,0.0,0.0,0.0,0.0,0.0,0.0,0.0,0.0,0.0,0.0,0.0,a436e1c5a14aeaec03e1c47fbc53d035d3625ce6,0.0,0.0,38.9616502,0.0,0.0,0.0,0.0,-77.0097248,0.0,0.0,0.0,0.0,0.0,0.0,0.0,0.0,0.0,0.0,Avis Car Rental,0.0,0,0.0,0.0,0.0,0.0,0.0,0.0,ChIJ46CbmtXHt4kRYttBS7RBAxE,0.0,0.0,0.0,,0.0,0.0,0.0,0.0,0.0,0.0,0.0,0.0,0.0,0.0,0.0,0.0,0.0,0.0,0.0,0.0,0.0,0.0,0.0,"5911 Blair Road Northwest, Washington",0.0
15,0.0,0.0,0.0,0.0,0.0,0.0,0.0,0.0,0.0,0.0,0.0,0.0,0.0,0.0,0.0,0.0,0.0,1.0,0.0,0.0,0.0,0.0,0.0,0.0,0.0,0.0,0.0,0.0,0.0,0.0,0.0,0.0,0.0,0.0,0.0,0.0,0.0,0.0,0.0,0.0,0.0,0.0,0.0,0.0,0.0,0.0,4c53beb6f765a2a967fe2b1882ae0c65a3708e1b,0.0,0.0,38.9592471,0.0,0.0,0.0,0.0,-76.94004,0.0,0.0,0.0,0.0,0.0,0.0,0.0,0.0,0.0,0.0,Enterprise Rent-A-Car,0.0,1,0.0,0.0,0.0,0.0,0.0,0.0,ChIJB_GNyd_Gt4kR2vKioJJ_kwc,0.0,0.0,0.0,3.8,0.0,0.0,0.0,0.0,0.0,0.0,0.0,0.0,0.0,0.0,0.0,0.0,0.0,0.0,0.0,0.0,0.0,0.0,0.0,"5810 Baltimore Avenue, Hyattsville",0.0
16,0.0,0.0,0.0,0.0,0.0,0.0,0.0,0.0,0.0,0.0,0.0,0.0,0.0,0.0,0.0,0.0,0.0,1.0,0.0,0.0,0.0,0.0,0.0,0.0,0.0,0.0,0.0,0.0,0.0,0.0,0.0,0.0,0.0,0.0,0.0,0.0,0.0,0.0,0.0,0.0,0.0,0.0,0.0,0.0,0.0,0.0,bb9eb499cf2d1436c6fc22134372047fc92836c2,0.0,0.0,38.9587664,0.0,0.0,0.0,0.0,-76.9396234,0.0,0.0,0.0,0.0,0.0,0.0,0.0,0.0,0.0,0.0,Auto Rent 4 less,0.0,0,0.0,0.0,0.0,0.0,0.0,0.0,ChIJWzAwv9_Gt4kR09iaILELCdU,0.0,0.0,0.0,,0.0,0.0,0.0,0.0,0.0,0.0,0.0,0.0,0.0,0.0,0.0,0.0,0.0,0.0,0.0,0.0,0.0,0.0,0.0,"5801 Baltimore Avenue, Riverdale",0.0
17,0.0,0.0,0.0,0.0,0.0,0.0,0.0,0.0,0.0,0.0,0.0,0.0,0.0,0.0,0.0,0.0,0.0,1.0,0.0,0.0,0.0,0.0,0.0,0.0,0.0,0.0,0.0,0.0,0.0,0.0,0.0,0.0,0.0,0.0,0.0,0.0,0.0,0.0,0.0,0.0,0.0,0.0,0.0,0.0,0.0,0.0,30d0f2fbc07f1a93159ad81750f05cb5eb30fd18,0.0,0.0,38.9604875,0.0,0.0,0.0,0.0,-76.9393542,0.0,0.0,0.0,0.0,0.0,0.0,0.0,0.0,0.0,0.0,Freedom Rent-A-Car,0.0,0,0.0,0.0,0.0,0.0,0.0,0.0,ChIJgft8RN7Gt4kRHPL-BUORuBg,0.0,0.0,0.0,,0.0,0.0,0.0,0.0,0.0,0.0,0.0,0.0,0.0,0.0,0.0,0.0,0.0,0.0,0.0,0.0,0.0,0.0,0.0,"6019 Baltimore Avenue, Riverdale",0.0
18,0.0,0.0,0.0,0.0,0.0,0.0,0.0,0.0,0.0,0.0,0.0,0.0,0.0,0.0,0.0,0.0,1.0,1.0,0.0,0.0,0.0,0.0,0.0,0.0,0.0,0.0,0.0,0.0,0.0,0.0,0.0,0.0,0.0,0.0,0.0,0.0,0.0,0.0,0.0,0.0,0.0,0.0,0.0,0.0,0.0,0.0,2f0bd3be8779dbf01fb070fd1ce79c36799d7943,0.0,0.0,38.955603,0.0,0.0,0.0,0.0,-76.9612571,0.0,0.0,0.0,0.0,0.0,0.0,0.0,0.0,0.0,0.0,GS Car Rental,0.0,1,0.0,0.0,0.0,0.0,0.0,0.0,ChIJr7lGIAHHt4kRGj7wa9KUmGY,0.0,0.0,0.0,,0.0,0.0,0.0,0.0,0.0,0.0,0.0,0.0,0.0,0.0,1.0,0.0,0.0,0.0,0.0,0.0,0.0,0.0,0.0,"3420 Hamilton Street, Hyattsville",0.0
19,0.0,0.0,0.0,0.0,0.0,0.0,0.0,0.0,0.0,0.0,0.0,0.0,0.0,0.0,0.0,0.0,0.0,1.0,0.0,0.0,0.0,0.0,0.0,0.0,0.0,0.0,0.0,0.0,0.0,0.0,0.0,0.0,0.0,0.0,0.0,0.0,0.0,0.0,0.0,0.0,0.0,0.0,0.0,0.0,0.0,0.0,bc5c1f7847233a040c29f5ebe948b367527b4a67,0.0,0.0,38.9485409,0.0,0.0,0.0,0.0,-76.9412554,0.0,0.0,0.0,0.0,0.0,0.0,0.0,0.0,0.0,0.0,Standard Auto & Truck Rentals,0.0,0,0.0,0.0,0.0,0.0,0.0,0.0,ChIJ39yzdxjHt4kRPN6vlKv2RK0,0.0,0.0,0.0,,0.0,0.0,0.0,0.0,0.0,0.0,0.0,0.0,0.0,0.0,0.0,0.0,0.0,0.0,0.0,0.0,0.0,0.0,0.0,"4720 Baltimore Avenue, Hyattsville",0.0
20,0.0,0.0,0.0,0.0,0.0,0.0,0.0,0.0,0.0,0.0,0.0,0.0,0.0,0.0,0.0,0.0,0.0,1.0,0.0,0.0,0.0,0.0,0.0,0.0,0.0,0.0,0.0,0.0,0.0,0.0,0.0,0.0,0.0,0.0,0.0,0.0,0.0,0.0,0.0,0.0,0.0,0.0,0.0,0.0,0.0,0.0,1b6d3da8016ad895269cacc034f77e9b80922978,0.0,0.0,38.9476611,0.0,0.0,0.0,0.0,-77.0790141,0.0,0.0,0.0,0.0,0.0,0.0,0.0,0.0,0.0,0.0,Atlas limousine & Sedan Service,0.0,1,0.0,0.0,0.0,0.0,0.0,0.0,ChIJdbk3-8HJt4kRVqaBUC9001Q,0.0,0.0,0.0,,0.0,0.0,0.0,0.0,0.0,0.0,0.0,0.0,0.0,0.0,0.0,0.0,0.0,0.0,0.0,0.0,1.0,0.0,0.0,"4000 Albemarle Street Northwest #402, Washington",0.0
21,0.0,0.0,0.0,0.0,0.0,0.0,0.0,0.0,0.0,0.0,0.0,0.0,0.0,0.0,0.0,0.0,0.0,1.0,0.0,0.0,0.0,0.0,0.0,0.0,0.0,0.0,0.0,0.0,0.0,0.0,0.0,0.0,0.0,0.0,0.0,0.0,0.0,0.0,0.0,0.0,0.0,0.0,0.0,0.0,0.0,0.0,827af9563ed8de574123d6c300f97cb37fccf361,0.0,0.0,38.9469744,0.0,0.0,0.0,0.0,-77.0656667,0.0,0.0,0.0,0.0,0.0,0.0,0.0,0.0,0.0,0.0,Budget,0.0,1,0.0,0.0,0.0,0.0,0.0,0.0,ChIJjWmh58jJt4kRq_GMNK0GGwk,0.0,0.0,0.0,,0.0,0.0,0.0,0.0,0.0,0.0,0.0,0.0,0.0,0.0,0.0,0.0,0.0,0.0,0.0,0.0,0.0,0.0,0.0,"4400 Connecticut Avenue Northwest, Washington",0.0
22,0.0,0.0,0.0,0.0,0.0,0.0,0.0,0.0,0.0,0.0,0.0,0.0,0.0,0.0,0.0,0.0,0.0,1.0,0.0,0.0,0.0,0.0,0.0,0.0,0.0,0.0,0.0,0.0,0.0,0.0,0.0,0.0,0.0,0.0,0.0,0.0,0.0,0.0,0.0,0.0,0.0,0.0,0.0,0.0,0.0,0.0,0b7e222d074b2c3ab8ae8fc2359585faf146f186,0.0,0.0,38.9469967,0.0,0.0,0.0,0.0,-77.0656223,0.0,0.0,0.0,0.0,0.0,0.0,0.0,0.0,0.0,0.0,Avis Car Rental,0.0,1,0.0,0.0,0.0,0.0,0.0,0.0,ChIJ4UiDJsnJt4kRZN1Ael5UqPU,0.0,0.0,0.0,3.9,0.0,0.0,0.0,0.0,0.0,0.0,0.0,0.0,0.0,0.0,0.0,0.0,0.0,0.0,0.0,0.0,0.0,0.0,0.0,"4400 Connecticut Avenue Northwest, Washington",0.0
23,0.0,0.0,0.0,0.0,0.0,0.0,0.0,0.0,0.0,0.0,0.0,0.0,0.0,0.0,0.0,0.0,0.0,1.0,0.0,0.0,0.0,0.0,0.0,0.0,0.0,0.0,0.0,0.0,0.0,0.0,0.0,0.0,0.0,0.0,0.0,0.0,0.0,0.0,0.0,0.0,0.0,0.0,0.0,0.0,0.0,0.0,9968fb9d6dee0a41586c59c6a71cde80926accd0,0.0,0.0,38.9414083,0.0,0.0,0.0,0.0,-77.0292523,0.0,0.0,0.0,0.0,0.0,0.0,0.0,0.0,0.0,0.0,Enterprise Rent-A-Car,0.0,0,0.0,0.0,0.0,0.0,0.0,0.0,ChIJnfWQnxbIt4kRjVajNYHwtog,0.0,0.0,0.0,,0.0,0.0,0.0,0.0,0.0,0.0,0.0,0.0,0.0,0.0,0.0,0.0,0.0,0.0,0.0,0.0,0.0,0.0,0.0,"4121 13th Street Northwest, Washington",0.0
24,0.0,0.0,0.0,0.0,0.0,0.0,0.0,0.0,0.0,0.0,0.0,0.0,0.0,0.0,0.0,0.0,0.0,1.0,0.0,0.0,0.0,0.0,0.0,0.0,0.0,0.0,0.0,0.0,0.0,0.0,0.0,0.0,0.0,0.0,0.0,0.0,0.0,0.0,0.0,0.0,0.0,0.0,0.0,0.0,0.0,0.0,900f429afb21a12eba1835d3a5aeca5ff342e250,0.0,0.0,38.942538,0.0,0.0,0.0,0.0,-77.025039,0.0,0.0,0.0,0.0,0.0,0.0,0.0,0.0,0.0,0.0,Enterprise CarShare,0.0,0,0.0,0.0,0.0,0.0,0.0,0.0,ChIJLdtMyhPIt4kR3EtyX4ywRzk,0.0,0.0,0.0,,0.0,0.0,0.0,0.0,0.0,0.0,0.0,0.0,0.0,0.0,0.0,0.0,0.0,0.0,0.0,0.0,0.0,0.0,0.0,Washington,0.0
25,0.0,0.0,0.0,0.0,0.0,0.0,0.0,0.0,0.0,0.0,0.0,0.0,0.0,0.0,0.0,0.0,0.0,1.0,0.0,0.0,0.0,0.0,0.0,0.0,0.0,0.0,0.0,0.0,0.0,0.0,0.0,0.0,0.0,0.0,0.0,0.0,0.0,0.0,0.0,0.0,0.0,0.0,0.0,0.0,0.0,0.0,0ba0eb5b416f1e768d1fedfc59fc091d7a32c624,0.0,0.0,38.9355819,0.0,0.0,0.0,0.0,-76.993367,0.0,0.0,0.0,0.0,0.0,0.0,0.0,0.0,0.0,0.0,Enterprise Rent-A-Car,0.0,1,0.0,0.0,0.0,0.0,0.0,0.0,ChIJ1_gIne7Ht4kRdcM2k2h6oYg,0.0,0.0,0.0,4.1,0.0,0.0,0.0,0.0,0.0,0.0,0.0,0.0,0.0,0.0,0.0,0.0,0.0,0.0,0.0,0.0,0.0,0.0,0.0,"3700 10th Street Northeast, Washington",0.0
26,0.0,0.0,0.0,0.0,0.0,0.0,0.0,0.0,0.0,0.0,0.0,0.0,0.0,0.0,0.0,0.0,0.0,1.0,0.0,0.0,0.0,0.0,0.0,0.0,0.0,0.0,0.0,0.0,0.0,0.0,0.0,0.0,0.0,0.0,0.0,0.0,0.0,0.0,0.0,0.0,0.0,0.0,0.0,0.0,0.0,0.0,731d8a813e9ef13990847916ec9e2412a9fa9190,0.0,0.0,38.9360262,0.0,0.0,0.0,0.0,-76.9742864,0.0,0.0,0.0,0.0,0.0,0.0,0.0,0.0,0.0,0.0,EIMAJ ACCESS,0.0,0,0.0,0.0,0.0,0.0,0.0,0.0,ChIJKTk87ZnHt4kR29gks_jqObk,0.0,0.0,0.0,,0.0,0.0,0.0,0.0,0.0,0.0,0.0,0.0,0.0,0.0,0.0,0.0,0.0,0.0,0.0,0.0,0.0,0.0,0.0,"3722 22nd Street Northeast, Washington",0.0
27,0.0,0.0,0.0,0.0,0.0,0.0,0.0,0.0,0.0,0.0,0.0,0.0,0.0,0.0,0.0,0.0,0.0,1.0,0.0,0.0,0.0,0.0,0.0,0.0,0.0,0.0,0.0,0.0,0.0,0.0,0.0,0.0,0.0,0.0,0.0,0.0,0.0,0.0,0.0,0.0,0.0,0.0,0.0,0.0,0.0,0.0,9c45327bb497565d31c174094e3c05bcfa56e844,0.0,0.0,38.9358479,0.0,0.0,0.0,0.0,-76.9629793,0.0,0.0,0.0,0.0,0.0,0.0,0.0,0.0,0.0,0.0,Thrifty Car Rental,0.0,0,0.0,0.0,0.0,0.0,0.0,0.0,ChIJa7rAl3XHt4kRmWoJBEc_j4I,0.0,0.0,0.0,,0.0,0.0,0.0,0.0,0.0,0.0,0.0,0.0,0.0,0.0,0.0,0.0,0.0,0.0,0.0,0.0,0.0,0.0,0.0,"3210 Rhode Island Avenue, Mount Rainier",0.0
28,0.0,0.0,0.0,0.0,0.0,0.0,0.0,0.0,0.0,0.0,0.0,0.0,0.0,0.0,0.0,0.0,0.0,1.0,0.0,0.0,0.0,0.0,0.0,0.0,0.0,0.0,0.0,0.0,0.0,0.0,0.0,0.0,0.0,0.0,0.0,0.0,0.0,0.0,0.0,0.0,0.0,0.0,0.0,0.0,0.0,0.0,b1356b7c20a4a6f71e108ca724d20326549af9e7,0.0,0.0,38.9357186,0.0,0.0,0.0,0.0,-76.9628881,0.0,0.0,0.0,0.0,0.0,0.0,0.0,0.0,0.0,0.0,Arrow Truck Rental,0.0,0,0.0,0.0,0.0,0.0,0.0,0.0,ChIJa7rAl3XHt4kR7E7-njl_ews,0.0,0.0,0.0,,0.0,0.0,0.0,0.0,0.0,0.0,0.0,0.0,0.0,0.0,0.0,0.0,0.0,0.0,0.0,0.0,0.0,0.0,0.0,"3210 Rhode Island Avenue, Mount Rainier",0.0
29,0.0,0.0,0.0,0.0,0.0,0.0,0.0,0.0,0.0,0.0,0.0,0.0,0.0,0.0,0.0,0.0,1.0,1.0,0.0,0.0,0.0,0.0,0.0,0.0,0.0,0.0,0.0,0.0,0.0,0.0,0.0,0.0,0.0,0.0,0.0,0.0,0.0,0.0,0.0,0.0,0.0,0.0,0.0,0.0,0.0,0.0,18f65f0d2d7b558050c4eb2da4a3dcef2ff6bb79,0.0,0.0,38.9386233,0.0,0.0,0.0,0.0,-76.9229218,0.0,0.0,0.0,0.0,0.0,0.0,0.0,0.0,0.0,0.0,Providence Motors LLC,0.0,1,0.0,0.0,0.0,0.0,0.0,0.0,ChIJATCWFjTHt4kRF6Sc8F63BJ0,0.0,0.0,0.0,,0.0,0.0,0.0,0.0,0.0,0.0,0.0,0.0,0.0,0.0,1.0,0.0,0.0,0.0,0.0,0.0,0.0,0.0,0.0,"5455 Annapolis Road, Bladensburg",0.0
30,0.0,0.0,0.0,0.0,0.0,0.0,0.0,0.0,0.0,0.0,0.0,0.0,0.0,0.0,0.0,0.0,0.0,1.0,0.0,0.0,0.0,0.0,0.0,0.0,0.0,0.0,0.0,0.0,0.0,0.0,0.0,0.0,0.0,0.0,0.0,0.0,0.0,0.0,0.0,0.0,0.0,0.0,0.0,0.0,0.0,0.0,ff16a8ef614b8448616564af39636aa8da961dfe,0.0,0.0,38.9241111,0.0,0.0,0.0,0.0,-77.0551587,0.0,0.0,0.0,0.0,0.0,0.0,0.0,0.0,0.0,0.0,Enterprise Rent-A-Car,0.0,1,0.0,0.0,0.0,0.0,0.0,0.0,ChIJCSp15dS3t4kR-1vQcymnYvE,0.0,0.0,0.0,4.2,0.0,0.0,0.0,0.0,0.0,0.0,0.0,0.0,0.0,0.0,0.0,0.0,0.0,0.0,0.0,0.0,0.0,0.0,0.0,"2601 Calvert Street Northwest, Washington",0.0
31,0.0,0.0,0.0,0.0,0.0,0.0,0.0,0.0,0.0,0.0,0.0,0.0,0.0,0.0,0.0,0.0,0.0,1.0,0.0,0.0,0.0,0.0,0.0,0.0,0.0,0.0,0.0,0.0,0.0,0.0,0.0,0.0,0.0,0.0,0.0,0.0,0.0,0.0,0.0,0.0,0.0,0.0,0.0,0.0,0.0,0.0,f0ba866f298f2e12cf650c0a73326ebe68010b79,0.0,0.0,38.925859,0.0,0.0,0.0,0.0,-77.0231753,0.0,0.0,0.0,0.0,0.0,0.0,0.0,0.0,0.0,0.0,Enterprise Rent-A-Car,0.0,1,0.0,0.0,0.0,0.0,0.0,0.0,ChIJrTPhWh3It4kRQXHvnjh9hiI,0.0,0.0,0.0,3.8,0.0,0.0,0.0,0.0,0.0,0.0,0.0,0.0,0.0,0.0,0.0,0.0,0.0,0.0,0.0,0.0,0.0,0.0,0.0,"2730 Georgia Avenue Northwest, Washington",0.0
32,0.0,0.0,0.0,0.0,0.0,0.0,0.0,0.0,0.0,0.0,0.0,0.0,0.0,0.0,0.0,0.0,0.0,1.0,0.0,0.0,0.0,0.0,0.0,0.0,0.0,0.0,0.0,0.0,0.0,0.0,0.0,0.0,0.0,0.0,0.0,0.0,0.0,0.0,0.0,0.0,0.0,0.0,0.0,0.0,0.0,0.0,17ef912b2ba39daffe915aaeea0340a996148ad7,0.0,0.0,38.9274061,0.0,0.0,0.0,0.0,-76.9729472,0.0,0.0,0.0,0.0,0.0,0.0,0.0,0.0,0.0,0.0,Next Car Rental Leasing Sales,0.0,0,0.0,0.0,0.0,0.0,0.0,0.0,ChIJq6qqqoXHt4kRFIg0OkM5N1Y,0.0,0.0,0.0,,0.0,0.0,0.0,0.0,0.0,0.0,0.0,0.0,0.0,0.0,0.0,0.0,0.0,0.0,0.0,0.0,0.0,0.0,0.0,Washington,0.0
33,0.0,0.0,0.0,0.0,0.0,0.0,0.0,0.0,0.0,0.0,0.0,0.0,0.0,0.0,0.0,0.0,0.0,1.0,0.0,0.0,0.0,0.0,0.0,0.0,0.0,0.0,0.0,0.0,0.0,0.0,0.0,0.0,0.0,0.0,0.0,0.0,0.0,0.0,0.0,0.0,0.0,0.0,0.0,0.0,0.0,0.0,17ef912b2ba39daffe915aaeea0340a996148ad7,0.0,0.0,38.9274061,0.0,0.0,0.0,0.0,-76.9729472,0.0,0.0,0.0,0.0,0.0,0.0,0.0,0.0,0.0,0.0,Next Car Rental Leasing Sales,0.0,0,0.0,0.0,0.0,0.0,0.0,0.0,ChIJq6qqqoXHt4kRFIg0OkM5N1Y,0.0,0.0,0.0,,0.0,0.0,0.0,0.0,0.0,0.0,0.0,0.0,0.0,0.0,0.0,0.0,0.0,0.0,0.0,0.0,0.0,0.0,0.0,Washington,0.0
34,0.0,0.0,0.0,0.0,0.0,0.0,0.0,0.0,0.0,0.0,0.0,0.0,0.0,0.0,0.0,0.0,0.0,1.0,0.0,0.0,0.0,0.0,0.0,0.0,0.0,0.0,0.0,0.0,0.0,0.0,0.0,0.0,0.0,0.0,0.0,0.0,0.0,0.0,0.0,0.0,0.0,0.0,0.0,0.0,0.0,0.0,24aed70668bb06fc08056f4342e8ae57b09d27ff,0.0,0.0,38.922662,0.0,0.0,0.0,0.0,-77.0536748,0.0,0.0,0.0,0.0,0.0,0.0,0.0,0.0,0.0,0.0,Hertz Rent A Car,0.0,0,0.0,0.0,0.0,0.0,0.0,0.0,ChIJM8SHd9O3t4kR1M9MeJsLJ1U,0.0,0.0,0.0,,0.0,0.0,0.0,0.0,0.0,0.0,0.0,0.0,0.0,0.0,0.0,0.0,0.0,0.0,0.0,0.0,0.0,0.0,0.0,"2500 Calvert Street Northwest, Washington",0.0
35,0.0,0.0,0.0,0.0,0.0,0.0,0.0,0.0,0.0,0.0,0.0,0.0,0.0,0.0,0.0,0.0,0.0,1.0,0.0,0.0,0.0,0.0,0.0,0.0,0.0,0.0,0.0,0.0,0.0,0.0,0.0,0.0,0.0,0.0,0.0,0.0,0.0,0.0,0.0,0.0,0.0,0.0,0.0,0.0,0.0,0.0,6f27397b7abb9b98965c959290f836465b558f57,0.0,0.0,38.9166432,0.0,0.0,0.0,0.0,-77.0456449,0.0,0.0,0.0,0.0,0.0,0.0,0.0,0.0,0.0,0.0,Hertz Rent A Car,0.0,0,0.0,0.0,0.0,0.0,0.0,0.0,ChIJpRVYacW3t4kRZXvlPeCPqGc,0.0,0.0,0.0,,0.0,0.0,0.0,0.0,0.0,0.0,0.0,0.0,0.0,0.0,0.0,0.0,0.0,0.0,0.0,0.0,0.0,0.0,0.0,"1919 Connecticut Avenue Northwest, Washington",0.0
36,0.0,0.0,0.0,0.0,0.0,0.0,0.0,0.0,0.0,0.0,0.0,0.0,0.0,0.0,0.0,0.0,0.0,1.0,0.0,0.0,0.0,0.0,0.0,0.0,0.0,0.0,0.0,0.0,0.0,0.0,0.0,0.0,0.0,0.0,0.0,0.0,0.0,0.0,0.0,0.0,0.0,0.0,0.0,0.0,0.0,0.0,46d44e078bcb6da7f412d37644695b46027172ad,0.0,0.0,38.91684,0.0,0.0,0.0,0.0,-77.025129,0.0,0.0,0.0,0.0,0.0,0.0,0.0,0.0,0.0,0.0,U Street Scooters,0.0,0,0.0,0.0,0.0,0.0,0.0,0.0,ChIJ_fhgoeW3t4kRf9IkEyoo5Pw,0.0,0.0,0.0,,0.0,0.0,0.0,0.0,0.0,0.0,0.0,0.0,0.0,0.0,0.0,0.0,0.0,0.0,0.0,0.0,0.0,0.0,0.0,"1949 Vermont Avenue Northwest #1, Washington",0.0
37,0.0,0.0,0.0,0.0,0.0,0.0,0.0,0.0,0.0,0.0,0.0,0.0,0.0,0.0,0.0,0.0,0.0,1.0,0.0,0.0,0.0,0.0,0.0,0.0,0.0,0.0,0.0,0.0,0.0,0.0,0.0,0.0,0.0,0.0,0.0,0.0,0.0,0.0,0.0,0.0,0.0,0.0,0.0,0.0,0.0,0.0,6a83b0146a20785c8a0b3e8cfb3430b9b73eb445,0.0,0.0,38.9178267,0.0,0.0,0.0,0.0,-76.9733574,0.0,0.0,0.0,0.0,0.0,0.0,0.0,0.0,0.0,0.0,Washington DC Advantage,0.0,0,0.0,0.0,0.0,0.0,0.0,0.0,ChIJIwgsIR64t4kRLvaiXMiqp8M,0.0,0.0,0.0,,0.0,0.0,0.0,0.0,0.0,0.0,0.0,0.0,0.0,0.0,0.0,0.0,0.0,0.0,0.0,0.0,0.0,0.0,0.0,"2228 New York Avenue Northeast, Washington",0.0
38,0.0,0.0,0.0,0.0,0.0,0.0,0.0,0.0,0.0,0.0,0.0,0.0,0.0,0.0,0.0,0.0,0.0,1.0,0.0,0.0,0.0,0.0,0.0,0.0,0.0,0.0,0.0,0.0,0.0,0.0,0.0,0.0,0.0,0.0,0.0,0.0,0.0,0.0,0.0,0.0,0.0,0.0,0.0,0.0,0.0,0.0,8b4c6b95f2135df5a98e5f641e13edcb29aa567a,0.0,0.0,38.908229,0.0,0.0,0.0,0.0,-77.030539,0.0,0.0,0.0,0.0,0.0,0.0,0.0,0.0,0.0,0.0,Southern Office Car Savannah,0.0,0,0.0,0.0,0.0,0.0,0.0,0.0,ChIJAQAAAPG3t4kROOy14EQO_RI,0.0,0.0,0.0,,0.0,0.0,0.0,0.0,0.0,0.0,0.0,0.0,0.0,0.0,0.0,0.0,0.0,0.0,0.0,0.0,0.0,0.0,0.0,Washington,0.0
39,0.0,0.0,0.0,0.0,0.0,0.0,0.0,0.0,0.0,0.0,0.0,0.0,0.0,0.0,0.0,0.0,0.0,1.0,0.0,0.0,0.0,0.0,0.0,0.0,0.0,0.0,0.0,0.0,0.0,0.0,0.0,0.0,0.0,0.0,0.0,0.0,0.0,0.0,0.0,0.0,0.0,0.0,0.0,0.0,0.0,0.0,0d4c8dcf58c0494f1be737e605fdbb13e628d522,0.0,0.0,38.9144797,0.0,0.0,0.0,0.0,-77.0212607,0.0,0.0,0.0,0.0,0.0,0.0,0.0,0.0,0.0,0.0,Ace Exotic Car Rentals,0.0,1,0.0,0.0,0.0,0.0,0.0,0.0,ChIJ7ze1CPC3t4kRprxGaXc_dbk,0.0,0.0,0.0,,0.0,0.0,0.0,0.0,0.0,0.0,0.0,0.0,0.0,0.0,0.0,0.0,0.0,0.0,0.0,0.0,0.0,0.0,0.0,"641 S Street Northwest, Washington",0.0
40,0.0,0.0,0.0,0.0,0.0,0.0,0.0,0.0,0.0,0.0,0.0,0.0,0.0,0.0,0.0,0.0,0.0,1.0,0.0,0.0,0.0,0.0,0.0,0.0,0.0,0.0,0.0,0.0,0.0,0.0,0.0,0.0,0.0,0.0,0.0,0.0,0.0,0.0,0.0,0.0,0.0,0.0,0.0,0.0,0.0,0.0,89d4032d005f37fe98d91f60d7cb9ac4f825aa57,0.0,0.0,38.908818,0.0,0.0,0.0,0.0,-77.00705,0.0,0.0,0.0,0.0,0.0,0.0,0.0,0.0,0.0,0.0,Enterprise CarShare,0.0,0,0.0,0.0,0.0,0.0,0.0,0.0,ChIJYZXdMRy4t4kRheZkl8T_YcM,0.0,0.0,0.0,,0.0,0.0,0.0,0.0,0.0,0.0,0.0,0.0,0.0,0.0,0.0,0.0,0.0,0.0,0.0,0.0,0.0,0.0,0.0,"66 NY Ave NE, 3 Blocks Noma Metro, Washington",0.0
41,0.0,0.0,0.0,0.0,0.0,0.0,0.0,0.0,0.0,0.0,0.0,0.0,0.0,0.0,0.0,0.0,0.0,1.0,0.0,0.0,0.0,0.0,0.0,0.0,0.0,0.0,0.0,0.0,0.0,0.0,0.0,0.0,0.0,0.0,0.0,0.0,0.0,0.0,0.0,0.0,0.0,0.0,0.0,0.0,0.0,0.0,ed3242a276560127cd56a0b7fcb909ea97eeb40a,0.0,0.0,38.912733,0.0,0.0,0.0,0.0,-76.8962716,0.0,0.0,0.0,0.0,0.0,0.0,0.0,0.0,0.0,0.0,Enterprise Wholesale,0.0,0,0.0,0.0,0.0,0.0,0.0,0.0,ChIJ4S-w_aPAt4kR5N1rvipkOsw,0.0,0.0,0.0,,0.0,0.0,0.0,0.0,0.0,0.0,0.0,0.0,0.0,0.0,0.0,0.0,0.0,0.0,0.0,0.0,0.0,0.0,0.0,"1861 South Club Drive, Hyattsville",0.0
42,0.0,0.0,0.0,0.0,0.0,0.0,0.0,0.0,0.0,0.0,0.0,0.0,0.0,0.0,0.0,0.0,0.0,1.0,0.0,0.0,0.0,0.0,0.0,0.0,0.0,0.0,0.0,0.0,0.0,0.0,0.0,0.0,0.0,0.0,0.0,0.0,0.0,0.0,0.0,0.0,0.0,0.0,0.0,0.0,0.0,0.0,62ecc436b1dd42e0f57e6b1254d4d7b0718c6592,0.0,0.0,38.8997157,0.0,0.0,0.0,0.0,-77.0729359,0.0,0.0,0.0,0.0,0.0,0.0,0.0,0.0,0.0,0.0,Hertz 24/7,0.0,0,0.0,0.0,0.0,0.0,0.0,0.0,ChIJndehX1u2t4kRngVGOL31JFw,0.0,0.0,0.0,,0.0,0.0,0.0,0.0,0.0,0.0,0.0,0.0,0.0,0.0,0.0,0.0,0.0,0.0,0.0,0.0,0.0,0.0,0.0,"1401 Lee Highway, Arlington",0.0
43,0.0,0.0,0.0,0.0,0.0,0.0,0.0,0.0,0.0,0.0,0.0,0.0,0.0,0.0,0.0,0.0,0.0,1.0,0.0,0.0,0.0,0.0,0.0,0.0,0.0,0.0,0.0,0.0,0.0,0.0,0.0,0.0,0.0,0.0,0.0,0.0,0.0,0.0,0.0,0.0,0.0,0.0,0.0,0.0,0.0,0.0,0a6cab79c917e8cb321329959d16d8d7c89a9f37,0.0,0.0,38.8996106,0.0,0.0,0.0,0.0,-77.0729879,0.0,0.0,0.0,0.0,0.0,0.0,0.0,0.0,0.0,0.0,Hertz Rent A Car,0.0,0,0.0,0.0,0.0,0.0,0.0,0.0,ChIJdVkrTlu2t4kR4BIr5Vto1u8,0.0,0.0,0.0,,0.0,0.0,0.0,0.0,0.0,0.0,0.0,0.0,0.0,0.0,0.0,0.0,0.0,0.0,0.0,0.0,0.0,0.0,0.0,"1401 Lee Highway, Arlington",0.0
44,0.0,0.0,0.0,0.0,0.0,0.0,0.0,0.0,0.0,0.0,0.0,0.0,0.0,0.0,0.0,0.0,0.0,1.0,0.0,0.0,0.0,0.0,0.0,0.0,0.0,0.0,0.0,0.0,0.0,0.0,0.0,0.0,0.0,0.0,0.0,0.0,0.0,0.0,0.0,0.0,0.0,0.0,0.0,0.0,0.0,0.0,bdbde1dc94a7ecfa622d0d480e22a8f8260accb4,0.0,0.0,38.9035462,0.0,0.0,0.0,0.0,-77.0440383,0.0,0.0,0.0,0.0,0.0,0.0,0.0,0.0,0.0,0.0,Avis Car Rental,0.0,1,0.0,0.0,0.0,0.0,0.0,0.0,ChIJ18yhTL-3t4kRVAy6pj7w8Lc,0.0,0.0,0.0,2.7,0.0,0.0,0.0,0.0,0.0,0.0,0.0,0.0,0.0,0.0,0.0,0.0,0.0,0.0,0.0,0.0,0.0,0.0,0.0,"1908 L Street Northwest, Washington",0.0
45,0.0,0.0,0.0,0.0,0.0,0.0,0.0,0.0,0.0,0.0,0.0,0.0,0.0,0.0,0.0,0.0,0.0,1.0,0.0,0.0,0.0,0.0,0.0,0.0,0.0,0.0,0.0,0.0,0.0,0.0,0.0,0.0,0.0,0.0,0.0,0.0,0.0,0.0,0.0,0.0,0.0,0.0,0.0,0.0,0.0,0.0,ed449672628f96e6c1a71fbd596244aca41ee4ae,0.0,0.0,38.9035608,0.0,0.0,0.0,0.0,-77.0327975,0.0,0.0,0.0,0.0,0.0,0.0,0.0,0.0,0.0,0.0,Enterprise Rent-A-Car,0.0,1,0.0,0.0,0.0,0.0,0.0,0.0,ChIJNygYeZW3t4kR6xnUegUF3yk,0.0,0.0,0.0,3.9,0.0,0.0,0.0,0.0,0.0,0.0,0.0,0.0,0.0,0.0,0.0,0.0,0.0,0.0,0.0,0.0,0.0,0.0,0.0,"1029 Vermont Avenue Nw, Washington",0.0
46,0.0,0.0,0.0,0.0,0.0,0.0,0.0,0.0,0.0,0.0,0.0,0.0,0.0,0.0,0.0,0.0,0.0,1.0,0.0,0.0,0.0,0.0,0.0,0.0,0.0,0.0,0.0,0.0,0.0,0.0,0.0,0.0,0.0,0.0,0.0,0.0,0.0,0.0,0.0,0.0,0.0,0.0,0.0,0.0,0.0,0.0,9a2a7c6f3c9360c73ff541dc7cfb8454d906ce5b,0.0,0.0,38.9054158,0.0,0.0,0.0,0.0,-77.0391326,0.0,0.0,0.0,0.0,0.0,0.0,0.0,0.0,0.0,0.0,Budget Car Rental,0.0,1,0.0,0.0,0.0,0.0,0.0,0.0,ChIJ18yhTL-3t4kRyFalGWEBfps,0.0,0.0,0.0,,0.0,0.0,0.0,0.0,0.0,0.0,0.0,0.0,0.0,0.0,0.0,0.0,0.0,0.0,0.0,0.0,0.0,0.0,0.0,"1722 M Street Northwest, Washington",0.0
47,0.0,0.0,0.0,0.0,0.0,0.0,0.0,0.0,0.0,0.0,0.0,0.0,0.0,0.0,0.0,0.0,0.0,1.0,0.0,0.0,0.0,0.0,0.0,0.0,0.0,0.0,0.0,0.0,0.0,0.0,0.0,0.0,0.0,0.0,0.0,0.0,0.0,0.0,0.0,0.0,0.0,0.0,0.0,0.0,0.0,0.0,a1de412cacb64045ee56a184726090e7e4dec289,0.0,0.0,38.899732,0.0,0.0,0.0,0.0,-77.039876,0.0,0.0,0.0,0.0,0.0,0.0,0.0,0.0,0.0,0.0,Mitsui & Co USA Inc,0.0,0,0.0,0.0,0.0,0.0,0.0,0.0,ChIJrRHej7u3t4kRj7MOLr_jwMY,0.0,0.0,0.0,,0.0,0.0,0.0,0.0,0.0,0.0,0.0,0.0,0.0,0.0,0.0,0.0,0.0,0.0,0.0,0.0,0.0,0.0,0.0,"750 17th Street Northwest #400, Washington",0.0
48,0.0,0.0,0.0,0.0,0.0,0.0,0.0,0.0,0.0,0.0,0.0,0.0,0.0,0.0,0.0,0.0,0.0,1.0,0.0,0.0,0.0,0.0,0.0,0.0,0.0,0.0,0.0,0.0,0.0,0.0,0.0,0.0,0.0,0.0,0.0,0.0,0.0,0.0,0.0,0.0,0.0,0.0,0.0,0.0,0.0,0.0,fa9e1001fd1c514c7948fcb95f10dc239a13860e,0.0,0.0,38.9035355,0.0,0.0,0.0,0.0,-77.0328117,0.0,0.0,0.0,0.0,0.0,0.0,0.0,0.0,0.0,0.0,Enterprise CarShare,0.0,0,0.0,0.0,0.0,0.0,0.0,0.0,ChIJZY2Yc9PJt4kRAr37x-LG0H4,0.0,0.0,0.0,,0.0,0.0,0.0,0.0,0.0,0.0,0.0,0.0,0.0,0.0,0.0,0.0,0.0,0.0,0.0,0.0,0.0,0.0,0.0,"1029 Vermont Avenue Northwest, Washington",0.0
49,0.0,0.0,0.0,0.0,0.0,0.0,0.0,0.0,0.0,0.0,0.0,0.0,0.0,0.0,0.0,0.0,0.0,1.0,0.0,0.0,0.0,0.0,0.0,0.0,0.0,0.0,0.0,0.0,0.0,0.0,0.0,0.0,0.0,0.0,0.0,0.0,0.0,0.0,0.0,0.0,0.0,0.0,0.0,0.0,0.0,0.0,e64e391dc93113bef84d710c51def862c6765173,0.0,0.0,38.9014494,0.0,0.0,0.0,0.0,-77.0236015,0.0,0.0,0.0,0.0,0.0,0.0,0.0,0.0,0.0,0.0,Hertz Rent A Car,0.0,0,0.0,0.0,0.0,0.0,0.0,0.0,ChIJjwPoWpK3t4kRpehppT1rwxg,0.0,0.0,0.0,4.0,0.0,0.0,0.0,0.0,0.0,0.0,0.0,0.0,0.0,0.0,0.0,0.0,0.0,0.0,0.0,0.0,0.0,0.0,0.0,"999 9th Street Northwest, Washington",0.0
50,0.0,0.0,0.0,0.0,0.0,0.0,0.0,0.0,0.0,0.0,0.0,0.0,0.0,0.0,0.0,0.0,1.0,1.0,0.0,0.0,0.0,0.0,0.0,0.0,0.0,0.0,0.0,0.0,0.0,0.0,0.0,0.0,0.0,0.0,0.0,0.0,0.0,0.0,0.0,0.0,0.0,0.0,0.0,0.0,0.0,0.0,444b32fef22897a72cda4fc273acf55dbfa53f9d,0.0,0.0,38.9063443,0.0,0.0,0.0,0.0,-77.0248729,0.0,0.0,0.0,0.0,0.0,0.0,0.0,0.0,0.0,0.0,Rent-A-Wreck,0.0,1,0.0,0.0,0.0,0.0,0.0,0.0,ChIJubFy4Oy3t4kRN2SwwS6JXn4,0.0,0.0,0.0,1.4,0.0,0.0,0.0,0.0,0.0,0.0,0.0,0.0,0.0,0.0,1.0,0.0,0.0,0.0,0.0,0.0,0.0,0.0,0.0,"917 M Street Northwest, Washington",0.0
51,0.0,0.0,0.0,0.0,0.0,0.0,0.0,0.0,0.0,0.0,0.0,0.0,0.0,0.0,0.0,0.0,0.0,1.0,0.0,0.0,0.0,0.0,0.0,0.0,0.0,0.0,0.0,0.0,0.0,0.0,0.0,0.0,0.0,0.0,0.0,0.0,0.0,0.0,0.0,0.0,0.0,0.0,0.0,0.0,0.0,0.0,639f7a0255cdcf296a7b9579ce4c17f57bd3bf6e,0.0,0.0,38.9029154,0.0,0.0,0.0,0.0,-77.0267667,0.0,0.0,0.0,0.0,0.0,0.0,0.0,0.0,0.0,0.0,Enterprise CarShare,0.0,0,0.0,0.0,0.0,0.0,0.0,0.0,ChIJO4NX6-q3t4kRTxjEL8U104I,0.0,0.0,0.0,,0.0,0.0,0.0,0.0,0.0,0.0,0.0,0.0,0.0,0.0,0.0,0.0,0.0,0.0,0.0,0.0,0.0,0.0,0.0,"1009 K St NW, 1 block Mt. Vernon Square, Washington",0.0
52,0.0,0.0,0.0,0.0,0.0,0.0,0.0,0.0,0.0,0.0,0.0,0.0,0.0,0.0,0.0,0.0,0.0,1.0,0.0,0.0,0.0,0.0,0.0,0.0,0.0,0.0,0.0,0.0,0.0,0.0,0.0,0.0,0.0,0.0,0.0,0.0,0.0,0.0,0.0,0.0,0.0,0.0,0.0,0.0,0.0,0.0,edecced3be5ecca091a341a02240d0a7054fb1f4,0.0,0.0,38.9000054,0.0,0.0,0.0,0.0,-77.0070347,0.0,0.0,0.0,0.0,0.0,0.0,0.0,0.0,0.0,0.0,Capital Connoisseur Cars,0.0,1,0.0,0.0,0.0,0.0,0.0,0.0,ChIJJdjvJye4t4kRLUia-u1Dn-o,0.0,0.0,0.0,,0.0,0.0,0.0,0.0,0.0,0.0,0.0,0.0,0.0,0.0,0.0,0.0,0.0,0.0,0.0,0.0,0.0,0.0,0.0,"99 H Street Northeast, Washington",0.0
53,0.0,0.0,0.0,0.0,0.0,0.0,0.0,0.0,0.0,0.0,0.0,0.0,0.0,0.0,0.0,0.0,0.0,1.0,0.0,0.0,0.0,0.0,0.0,0.0,0.0,0.0,0.0,0.0,0.0,0.0,0.0,0.0,0.0,0.0,0.0,0.0,0.0,0.0,0.0,0.0,0.0,0.0,0.0,0.0,0.0,0.0,26d83b31732c380cd52027d824bf434a19ebd23d,0.0,0.0,38.8968767,0.0,0.0,0.0,0.0,-77.0853745,0.0,0.0,0.0,0.0,0.0,0.0,0.0,0.0,0.0,0.0,BMW Z4 Convertible Rental,0.0,1,0.0,0.0,0.0,0.0,0.0,0.0,ChIJ9dqVTGe2t4kRdqNIPMdhXwE,0.0,0.0,0.0,,0.0,0.0,0.0,0.0,0.0,0.0,0.0,0.0,0.0,0.0,0.0,0.0,0.0,0.0,0.0,0.0,0.0,0.0,0.0,"1947 North Uhle Street, Arlington",0.0
54,0.0,0.0,0.0,0.0,0.0,0.0,0.0,0.0,0.0,0.0,0.0,0.0,0.0,0.0,0.0,0.0,0.0,1.0,0.0,0.0,0.0,0.0,0.0,0.0,0.0,0.0,0.0,0.0,0.0,0.0,0.0,0.0,0.0,0.0,0.0,0.0,0.0,0.0,0.0,0.0,0.0,0.0,0.0,0.0,0.0,0.0,2ac411d1a01b9dcb97ae26d41cb80ef0866ccd7e,0.0,0.0,38.8939511,0.0,0.0,0.0,0.0,-77.0764824,0.0,0.0,0.0,0.0,0.0,0.0,0.0,0.0,0.0,0.0,Enterprise Rent-A-Car,0.0,1,0.0,0.0,0.0,0.0,0.0,0.0,ChIJ3TxMi162t4kR0-8bHeO2uFQ,0.0,0.0,0.0,4.0,0.0,0.0,0.0,0.0,0.0,0.0,0.0,0.0,0.0,0.0,0.0,0.0,0.0,0.0,0.0,0.0,0.0,0.0,0.0,"1560 Wilson Boulevard Suite 150, Rosslyn",0.0
55,0.0,0.0,0.0,0.0,0.0,0.0,0.0,0.0,0.0,0.0,0.0,0.0,0.0,0.0,0.0,0.0,0.0,1.0,0.0,0.0,0.0,0.0,0.0,0.0,0.0,0.0,0.0,0.0,0.0,0.0,0.0,0.0,0.0,0.0,0.0,0.0,0.0,0.0,0.0,0.0,0.0,0.0,0.0,0.0,0.0,0.0,83d9ff01385873549dd79a2cbfa381944d6a7030,0.0,0.0,38.8979446,0.0,0.0,0.0,0.0,-77.0333651,0.0,0.0,0.0,0.0,0.0,0.0,0.0,0.0,0.0,0.0,Greenbrier Co,0.0,0,0.0,0.0,0.0,0.0,0.0,0.0,ChIJCT9-w5e3t4kRsQEQ3aw2W70,0.0,0.0,0.0,,0.0,0.0,0.0,0.0,0.0,0.0,0.0,0.0,0.0,0.0,0.0,0.0,0.0,0.0,0.0,0.0,0.0,0.0,0.0,"655 15th Street Northwest #225, Washington",0.0
56,0.0,0.0,0.0,0.0,0.0,0.0,0.0,0.0,0.0,0.0,0.0,0.0,0.0,0.0,0.0,0.0,0.0,1.0,0.0,0.0,0.0,0.0,0.0,0.0,0.0,0.0,0.0,0.0,0.0,0.0,0.0,0.0,0.0,0.0,0.0,0.0,0.0,0.0,0.0,0.0,0.0,0.0,0.0,0.0,0.0,0.0,a57fdee14b23b498d72bc315b2d1add1ed1544df,0.0,0.0,38.8956964,0.0,0.0,0.0,0.0,-77.0287658,0.0,0.0,0.0,0.0,0.0,0.0,0.0,0.0,0.0,0.0,E Z Phone,0.0,0,0.0,0.0,0.0,0.0,0.0,0.0,ChIJm58UV5e3t4kRADZkhiKpEk4,0.0,0.0,0.0,,0.0,0.0,0.0,0.0,0.0,0.0,0.0,0.0,0.0,0.0,0.0,0.0,0.0,0.0,0.0,0.0,0.0,0.0,0.0,"1201 Pennsylvania Avenue Northwest, Washington",0.0
57,0.0,0.0,0.0,0.0,0.0,0.0,0.0,0.0,0.0,0.0,0.0,0.0,0.0,0.0,0.0,0.0,0.0,1.0,0.0,0.0,0.0,0.0,0.0,0.0,0.0,0.0,0.0,0.0,0.0,0.0,0.0,0.0,0.0,0.0,0.0,0.0,0.0,0.0,0.0,0.0,0.0,0.0,0.0,0.0,0.0,0.0,6cc623948cc417ff3a9eba8b38d997f3e0449883,0.0,0.0,38.8983586,0.0,0.0,0.0,0.0,-77.0217547,0.0,0.0,0.0,0.0,0.0,0.0,0.0,0.0,0.0,0.0,Hertz Rent a Car,0.0,1,0.0,0.0,0.0,0.0,0.0,0.0,ChIJjwPoWpK3t4kRricQ5DDYAVw,0.0,0.0,0.0,,0.0,0.0,0.0,0.0,0.0,0.0,0.0,0.0,0.0,0.0,0.0,0.0,0.0,0.0,0.0,0.0,0.0,0.0,0.0,"707 7th Street Northwest, Washington",0.0
58,0.0,0.0,0.0,0.0,0.0,0.0,0.0,0.0,0.0,0.0,0.0,0.0,0.0,0.0,0.0,0.0,0.0,1.0,0.0,0.0,0.0,0.0,0.0,0.0,0.0,0.0,0.0,0.0,0.0,0.0,0.0,0.0,0.0,0.0,0.0,0.0,0.0,0.0,0.0,0.0,0.0,0.0,0.0,0.0,0.0,0.0,c1ac87c8de021eb2d28fdd17425fbb3b177f11c4,0.0,0.0,38.8981275,0.0,0.0,0.0,0.0,-77.0211365,0.0,0.0,0.0,0.0,0.0,0.0,0.0,0.0,0.0,0.0,Hertz Rent A Car,0.0,0,0.0,0.0,0.0,0.0,0.0,0.0,ChIJpTEoOo63t4kR5z4e3xbfRm0,0.0,0.0,0.0,,0.0,0.0,0.0,0.0,0.0,0.0,0.0,0.0,0.0,0.0,0.0,0.0,0.0,0.0,0.0,0.0,0.0,0.0,0.0,"601 F Street Northwest, Washington",0.0
59,0.0,0.0,0.0,0.0,0.0,0.0,0.0,0.0,0.0,0.0,0.0,0.0,0.0,0.0,0.0,0.0,0.0,1.0,0.0,0.0,0.0,0.0,0.0,0.0,0.0,0.0,0.0,0.0,0.0,0.0,0.0,0.0,0.0,0.0,0.0,0.0,0.0,0.0,0.0,0.0,0.0,0.0,0.0,0.0,0.0,0.0,cccf09be60151b338d977d2b4f98f5ee109335ad,0.0,0.0,38.8975799,0.0,0.0,0.0,0.0,-77.0061578,0.0,0.0,0.0,0.0,0.0,0.0,0.0,0.0,0.0,0.0,National Car Rental,0.0,1,0.0,0.0,0.0,0.0,0.0,0.0,ChIJ47kWxia4t4kRn1Bvr7VEC6g,0.0,0.0,0.0,4.5,0.0,0.0,0.0,0.0,0.0,0.0,0.0,0.0,0.0,0.0,0.0,0.0,0.0,0.0,0.0,0.0,0.0,0.0,0.0,"50 Massachusetts Avenue Northeast, Washington",0.0
60,0.0,0.0,0.0,0.0,0.0,0.0,0.0,0.0,0.0,0.0,0.0,0.0,0.0,0.0,0.0,0.0,0.0,1.0,0.0,0.0,0.0,0.0,0.0,0.0,0.0,0.0,0.0,0.0,0.0,0.0,0.0,0.0,0.0,0.0,0.0,0.0,0.0,0.0,0.0,0.0,0.0,0.0,0.0,0.0,0.0,0.0,16f25b7cd01bc8fc1cdc3ff4a1189d954dc7ba7e,0.0,0.0,38.897862,0.0,0.0,0.0,0.0,-77.006051,0.0,0.0,0.0,0.0,0.0,0.0,0.0,0.0,0.0,0.0,Alamo Rent A Car,0.0,1,0.0,0.0,0.0,0.0,0.0,0.0,ChIJ47kWxia4t4kRy5VWYZSCpZg,0.0,0.0,0.0,3.3,0.0,0.0,0.0,0.0,0.0,0.0,0.0,0.0,0.0,0.0,0.0,0.0,0.0,0.0,0.0,0.0,0.0,0.0,0.0,"50 Massachusetts Avenue Northeast, Washington",0.0
61,0.0,0.0,0.0,0.0,0.0,0.0,0.0,0.0,0.0,0.0,0.0,0.0,0.0,0.0,0.0,0.0,0.0,1.0,0.0,0.0,0.0,0.0,0.0,0.0,0.0,0.0,0.0,0.0,0.0,0.0,0.0,0.0,0.0,0.0,0.0,0.0,0.0,0.0,0.0,0.0,0.0,0.0,0.0,0.0,0.0,0.0,d99b55b61c8a5640dcf17fa33c8d28b922575f92,0.0,0.0,38.8978561,0.0,0.0,0.0,0.0,-77.0060377,0.0,0.0,0.0,0.0,0.0,0.0,0.0,0.0,0.0,0.0,Budget Car Rental,0.0,1,0.0,0.0,0.0,0.0,0.0,0.0,ChIJ47kWxia4t4kREZXfkmIB6gs,0.0,0.0,0.0,3.9,0.0,0.0,0.0,0.0,0.0,0.0,0.0,0.0,0.0,0.0,0.0,0.0,0.0,0.0,0.0,0.0,0.0,0.0,0.0,"50 Massachusetts Avenue Northeast, Washington",0.0
62,0.0,0.0,0.0,0.0,0.0,0.0,0.0,0.0,0.0,0.0,0.0,0.0,0.0,0.0,0.0,0.0,0.0,1.0,0.0,0.0,0.0,0.0,0.0,0.0,0.0,0.0,0.0,0.0,0.0,0.0,0.0,0.0,0.0,0.0,0.0,0.0,0.0,0.0,0.0,0.0,0.0,0.0,0.0,0.0,0.0,0.0,ef9628fd64726be842d8c035b171f1d8372c6b08,0.0,0.0,38.8975799,0.0,0.0,0.0,0.0,-77.0061578,0.0,0.0,0.0,0.0,0.0,0.0,0.0,0.0,0.0,0.0,Hertz Rent A Car,0.0,0,0.0,0.0,0.0,0.0,0.0,0.0,ChIJX2DN_423t4kRR_uJmpDBScA,0.0,0.0,0.0,,0.0,0.0,0.0,0.0,0.0,0.0,0.0,0.0,0.0,0.0,0.0,0.0,0.0,0.0,0.0,0.0,0.0,0.0,0.0,"50 Massachusetts Avenue Northeast, Washington",0.0
63,0.0,0.0,0.0,0.0,0.0,0.0,0.0,0.0,0.0,0.0,0.0,0.0,0.0,0.0,0.0,0.0,0.0,1.0,0.0,0.0,0.0,0.0,0.0,0.0,0.0,0.0,0.0,0.0,0.0,0.0,0.0,0.0,0.0,0.0,0.0,0.0,0.0,0.0,0.0,0.0,0.0,0.0,0.0,0.0,0.0,0.0,77f2a022b04465e88a6c018915118bdd76832b81,0.0,0.0,38.8975799,0.0,0.0,0.0,0.0,-77.0061578,0.0,0.0,0.0,0.0,0.0,0.0,0.0,0.0,0.0,0.0,Avis Car Rental,0.0,1,0.0,0.0,0.0,0.0,0.0,0.0,ChIJAeu0xia4t4kRheK4ZaGI2mE,0.0,0.0,0.0,4.3,0.0,0.0,0.0,0.0,0.0,0.0,0.0,0.0,0.0,0.0,0.0,0.0,0.0,0.0,0.0,0.0,0.0,0.0,0.0,"50 Massachusetts Avenue Northeast, Washington",0.0
64,0.0,0.0,0.0,0.0,0.0,0.0,0.0,0.0,0.0,0.0,0.0,0.0,0.0,0.0,0.0,0.0,0.0,1.0,0.0,0.0,0.0,0.0,0.0,0.0,0.0,0.0,0.0,0.0,0.0,0.0,0.0,0.0,0.0,0.0,0.0,0.0,0.0,0.0,0.0,0.0,0.0,0.0,0.0,0.0,0.0,0.0,a331c5ea0e188e5797f79bab439bde603f76d790,0.0,0.0,38.896275,0.0,0.0,0.0,0.0,-76.9587766,0.0,0.0,0.0,0.0,0.0,0.0,0.0,0.0,0.0,0.0,Enterprise Rent-A-Car,0.0,1,0.0,0.0,0.0,0.0,0.0,0.0,ChIJl9DmX_O4t4kRsX1sEZU3iRk,0.0,0.0,0.0,4.4,0.0,0.0,0.0,0.0,0.0,0.0,0.0,0.0,0.0,0.0,0.0,0.0,0.0,0.0,0.0,0.0,0.0,0.0,0.0,"3355 Benning Road Northeast, Washington",0.0
65,0.0,0.0,0.0,0.0,0.0,0.0,0.0,0.0,0.0,0.0,0.0,0.0,0.0,0.0,0.0,0.0,0.0,1.0,0.0,0.0,0.0,0.0,0.0,0.0,0.0,0.0,0.0,0.0,0.0,0.0,0.0,0.0,0.0,0.0,0.0,0.0,0.0,0.0,0.0,0.0,0.0,0.0,0.0,0.0,0.0,0.0,936d6381aa736cfab0b02ba57a93a8a63dc12957,0.0,0.0,38.8924847,0.0,0.0,0.0,0.0,-76.9461377,0.0,0.0,0.0,0.0,0.0,0.0,0.0,0.0,0.0,0.0,DC Bus Charter Services Inc,0.0,0,0.0,0.0,0.0,0.0,0.0,0.0,ChIJywvNk-u4t4kRE1WUJy6K2Sk,0.0,0.0,0.0,,0.0,0.0,0.0,0.0,0.0,0.0,0.0,0.0,0.0,0.0,0.0,0.0,0.0,0.0,0.0,0.0,0.0,0.0,0.0,"4025 Clay Place Northeast, Washington",0.0
66,0.0,0.0,0.0,0.0,0.0,0.0,0.0,0.0,0.0,0.0,0.0,0.0,0.0,0.0,0.0,0.0,0.0,1.0,0.0,0.0,0.0,0.0,0.0,0.0,0.0,0.0,0.0,0.0,0.0,0.0,0.0,0.0,0.0,0.0,0.0,0.0,0.0,0.0,0.0,0.0,0.0,0.0,0.0,0.0,0.0,0.0,54bdafe549b9accecd6defc4b516808d743bcbb1,0.0,0.0,38.8840972,0.0,0.0,0.0,0.0,-77.0972103,0.0,0.0,0.0,0.0,0.0,0.0,0.0,0.0,0.0,0.0,Avis Car Rental,0.0,1,0.0,0.0,0.0,0.0,0.0,0.0,ChIJKaiDe4O2t4kRxqbLnYElMPw,0.0,0.0,0.0,3.9,0.0,0.0,0.0,0.0,0.0,0.0,0.0,0.0,0.0,0.0,0.0,0.0,0.0,0.0,0.0,0.0,0.0,0.0,0.0,"3206 10th Street North, Arlington",0.0
67,0.0,0.0,0.0,0.0,0.0,0.0,0.0,0.0,0.0,0.0,0.0,0.0,0.0,0.0,0.0,0.0,0.0,1.0,0.0,0.0,0.0,0.0,0.0,0.0,0.0,0.0,0.0,0.0,0.0,0.0,0.0,0.0,0.0,0.0,0.0,0.0,0.0,0.0,0.0,0.0,0.0,0.0,0.0,0.0,0.0,0.0,600a718f54e4f1ec22b50369deb6b14b863a798a,0.0,0.0,38.884121,0.0,0.0,0.0,0.0,-77.097152,0.0,0.0,0.0,0.0,0.0,0.0,0.0,0.0,0.0,0.0,Budget Car Rental,0.0,1,0.0,0.0,0.0,0.0,0.0,0.0,ChIJQ71ue4O2t4kRM0PEHrkefsY,0.0,0.0,0.0,2.8,0.0,0.0,0.0,0.0,0.0,0.0,0.0,0.0,0.0,0.0,0.0,0.0,0.0,0.0,0.0,0.0,0.0,0.0,0.0,"3206 10th Street North, Arlington",0.0
68,0.0,0.0,0.0,0.0,0.0,0.0,0.0,0.0,0.0,0.0,0.0,0.0,0.0,0.0,0.0,0.0,0.0,1.0,0.0,0.0,0.0,0.0,0.0,0.0,0.0,0.0,0.0,0.0,0.0,0.0,0.0,0.0,0.0,0.0,0.0,0.0,0.0,0.0,0.0,0.0,0.0,0.0,0.0,0.0,0.0,0.0,50251c4d127d815e7cef5c61503e00ddc0696688,0.0,0.0,38.8845373,0.0,0.0,0.0,0.0,-77.0253916,0.0,0.0,0.0,0.0,0.0,0.0,0.0,0.0,0.0,0.0,National Car Rental,0.0,1,0.0,0.0,0.0,0.0,0.0,0.0,ChIJpReKh523t4kRIbMw9KUebhY,0.0,0.0,0.0,,0.0,0.0,0.0,0.0,0.0,0.0,0.0,0.0,0.0,0.0,0.0,0.0,0.0,0.0,0.0,0.0,0.0,0.0,0.0,"970 D Street Southwest, Washington",0.0
69,0.0,0.0,0.0,0.0,0.0,0.0,0.0,0.0,0.0,0.0,0.0,0.0,0.0,0.0,0.0,0.0,0.0,1.0,0.0,0.0,0.0,0.0,0.0,0.0,0.0,0.0,0.0,0.0,0.0,0.0,0.0,0.0,0.0,0.0,0.0,0.0,0.0,0.0,0.0,0.0,0.0,0.0,0.0,0.0,0.0,0.0,49fcae3d2be810586bb3ff76edd246d352597da2,0.0,0.0,38.883613,0.0,0.0,0.0,0.0,-76.99524,0.0,0.0,0.0,0.0,0.0,0.0,0.0,0.0,0.0,0.0,Enterprise CarShare,0.0,0,0.0,0.0,0.0,0.0,0.0,0.0,ChIJK1Z6ADO4t4kRO3HIaBYwYnE,0.0,0.0,0.0,,0.0,0.0,0.0,0.0,0.0,0.0,0.0,0.0,0.0,0.0,0.0,0.0,0.0,0.0,0.0,0.0,0.0,0.0,0.0,"8th/D St SE, Eastern Market Metro Station, Washington",0.0
70,0.0,0.0,0.0,0.0,0.0,0.0,0.0,0.0,0.0,0.0,0.0,0.0,0.0,0.0,0.0,0.0,0.0,1.0,0.0,0.0,0.0,0.0,0.0,0.0,0.0,0.0,0.0,0.0,0.0,0.0,0.0,0.0,0.0,0.0,0.0,0.0,0.0,0.0,0.0,0.0,0.0,0.0,0.0,0.0,0.0,0.0,49fcae3d2be810586bb3ff76edd246d352597da2,0.0,0.0,38.883613,0.0,0.0,0.0,0.0,-76.99524,0.0,0.0,0.0,0.0,0.0,0.0,0.0,0.0,0.0,0.0,Enterprise CarShare,0.0,0,0.0,0.0,0.0,0.0,0.0,0.0,ChIJK1Z6ADO4t4kRO3HIaBYwYnE,0.0,0.0,0.0,,0.0,0.0,0.0,0.0,0.0,0.0,0.0,0.0,0.0,0.0,0.0,0.0,0.0,0.0,0.0,0.0,0.0,0.0,0.0,"8th/D St SE, Eastern Market Metro Station, Washington",0.0
71,0.0,0.0,0.0,0.0,0.0,0.0,0.0,0.0,0.0,0.0,0.0,0.0,0.0,0.0,0.0,0.0,0.0,1.0,0.0,0.0,0.0,0.0,0.0,0.0,0.0,0.0,0.0,0.0,0.0,0.0,0.0,0.0,0.0,0.0,0.0,0.0,0.0,0.0,0.0,0.0,0.0,0.0,0.0,0.0,0.0,0.0,d64f880530f6effafc9e09a3dd21b7f61e15c9c4,0.0,0.0,38.879155,0.0,0.0,0.0,0.0,-77.1129879,0.0,0.0,0.0,0.0,0.0,0.0,0.0,0.0,0.0,0.0,Enterprise Rent-A-Car,0.0,1,0.0,0.0,0.0,0.0,0.0,0.0,ChIJ9eAwpyS0t4kRj-reg4eAkDo,0.0,0.0,0.0,4.3,0.0,0.0,0.0,0.0,0.0,0.0,0.0,0.0,0.0,0.0,0.0,0.0,0.0,0.0,0.0,0.0,0.0,0.0,0.0,"700 North Glebe Road, Arlington",0.0
72,0.0,0.0,0.0,0.0,0.0,0.0,0.0,0.0,0.0,0.0,0.0,0.0,0.0,0.0,0.0,0.0,0.0,1.0,0.0,0.0,0.0,0.0,0.0,0.0,0.0,0.0,0.0,0.0,0.0,0.0,0.0,0.0,0.0,0.0,0.0,0.0,0.0,0.0,0.0,0.0,0.0,0.0,0.0,0.0,0.0,0.0,790224a1cbd8c39affaf7b3db99be5fc5202c02c,0.0,0.0,38.8781409,0.0,0.0,0.0,0.0,-77.1087386,0.0,0.0,0.0,0.0,0.0,0.0,0.0,0.0,0.0,0.0,Enterprise Rent-A-Car,0.0,1,0.0,0.0,0.0,0.0,0.0,0.0,ChIJ3RUs-iO0t4kRyl9tbT5Hcpo,0.0,0.0,0.0,4.0,0.0,0.0,0.0,0.0,0.0,0.0,0.0,0.0,0.0,0.0,0.0,0.0,0.0,0.0,0.0,0.0,0.0,0.0,0.0,"601 North Randolph Street, Arlington",0.0
73,0.0,0.0,0.0,0.0,0.0,0.0,0.0,0.0,0.0,0.0,0.0,0.0,0.0,0.0,0.0,0.0,0.0,1.0,0.0,0.0,0.0,0.0,0.0,0.0,0.0,0.0,0.0,0.0,0.0,0.0,0.0,0.0,0.0,0.0,0.0,0.0,0.0,0.0,0.0,0.0,0.0,0.0,0.0,0.0,0.0,0.0,ff79db22adc52995da28042b9a572acbb1fec1b1,0.0,0.0,38.8813189,0.0,0.0,0.0,0.0,-77.1098538,0.0,0.0,0.0,0.0,0.0,0.0,0.0,0.0,0.0,0.0,Advance Car Rental,0.0,1,0.0,0.0,0.0,0.0,0.0,0.0,ChIJmRURPSS0t4kRqS4gj6nQ8zs,0.0,0.0,0.0,,0.0,0.0,0.0,0.0,0.0,0.0,0.0,0.0,0.0,0.0,0.0,0.0,0.0,0.0,0.0,0.0,0.0,0.0,0.0,"900 North Randolph Street #100, Arlington",0.0
74,0.0,0.0,0.0,0.0,0.0,0.0,0.0,0.0,0.0,0.0,0.0,0.0,0.0,0.0,0.0,0.0,0.0,1.0,0.0,0.0,0.0,0.0,0.0,0.0,0.0,0.0,0.0,0.0,0.0,0.0,0.0,0.0,0.0,0.0,0.0,0.0,0.0,0.0,0.0,0.0,0.0,0.0,0.0,0.0,0.0,0.0,790224a1cbd8c39affaf7b3db99be5fc5202c02c,0.0,0.0,38.8781409,0.0,0.0,0.0,0.0,-77.1087386,0.0,0.0,0.0,0.0,0.0,0.0,0.0,0.0,0.0,0.0,Enterprise Rent-A-Car,0.0,1,0.0,0.0,0.0,0.0,0.0,0.0,ChIJ3RUs-iO0t4kRyl9tbT5Hcpo,0.0,0.0,0.0,4.0,0.0,0.0,0.0,0.0,0.0,0.0,0.0,0.0,0.0,0.0,0.0,0.0,0.0,0.0,0.0,0.0,0.0,0.0,0.0,"601 North Randolph Street, Arlington",0.0
75,0.0,0.0,0.0,0.0,0.0,0.0,0.0,0.0,0.0,0.0,0.0,0.0,0.0,0.0,0.0,0.0,0.0,1.0,0.0,0.0,0.0,0.0,0.0,0.0,0.0,0.0,0.0,0.0,0.0,0.0,0.0,0.0,0.0,0.0,0.0,0.0,0.0,0.0,0.0,0.0,0.0,0.0,0.0,0.0,0.0,0.0,c202097b57293a934941fe25dd21843d5f66381c,0.0,0.0,38.8776855,0.0,0.0,0.0,0.0,-77.017351,0.0,0.0,0.0,0.0,0.0,0.0,0.0,0.0,0.0,0.0,Enterprise Rent-A-Car,0.0,1,0.0,0.0,0.0,0.0,0.0,0.0,ChIJs36sh523t4kRe3HRnYY0jpI,0.0,0.0,0.0,4.4,0.0,0.0,0.0,0.0,0.0,0.0,0.0,0.0,0.0,0.0,0.0,0.0,0.0,0.0,0.0,0.0,0.0,0.0,0.0,"1100 4th Street Southwest, Washington",0.0
76,0.0,0.0,0.0,0.0,0.0,0.0,0.0,0.0,0.0,0.0,0.0,0.0,0.0,0.0,0.0,0.0,0.0,1.0,0.0,0.0,0.0,0.0,0.0,0.0,0.0,0.0,0.0,0.0,0.0,0.0,0.0,0.0,0.0,0.0,0.0,0.0,0.0,0.0,0.0,0.0,0.0,0.0,0.0,0.0,0.0,0.0,c202097b57293a934941fe25dd21843d5f66381c,0.0,0.0,38.8776855,0.0,0.0,0.0,0.0,-77.017351,0.0,0.0,0.0,0.0,0.0,0.0,0.0,0.0,0.0,0.0,Enterprise Rent-A-Car,0.0,1,0.0,0.0,0.0,0.0,0.0,0.0,ChIJs36sh523t4kRe3HRnYY0jpI,0.0,0.0,0.0,4.4,0.0,0.0,0.0,0.0,0.0,0.0,0.0,0.0,0.0,0.0,0.0,0.0,0.0,0.0,0.0,0.0,0.0,0.0,0.0,"1100 4th Street Southwest, Washington",0.0
77,0.0,0.0,0.0,0.0,1.0,0.0,0.0,0.0,0.0,0.0,0.0,0.0,0.0,0.0,0.0,0.0,0.0,1.0,0.0,0.0,0.0,0.0,0.0,0.0,0.0,0.0,0.0,0.0,0.0,0.0,0.0,0.0,0.0,0.0,0.0,0.0,0.0,0.0,0.0,0.0,0.0,0.0,0.0,0.0,0.0,0.0,a5d0d44ce9cb67f0057d7b15dff53d4327cecf1a,0.0,0.0,38.86592,0.0,0.0,0.0,0.0,-77.1472919,0.0,0.0,0.0,0.0,0.0,0.0,0.0,0.0,0.0,0.0,Replikon Research,0.0,1,0.0,0.0,0.0,0.0,0.0,0.0,ChIJL01San20t4kRg2pEfGrs45E,0.0,0.0,0.0,,0.0,0.0,0.0,0.0,0.0,0.0,0.0,0.0,0.0,0.0,0.0,0.0,0.0,0.0,0.0,0.0,0.0,0.0,0.0,"3041 Patrick Henry Drive #2, Falls Church",0.0
78,0.0,0.0,0.0,0.0,0.0,0.0,0.0,0.0,0.0,0.0,0.0,0.0,0.0,0.0,0.0,0.0,0.0,1.0,0.0,0.0,0.0,0.0,0.0,0.0,0.0,0.0,0.0,0.0,0.0,0.0,0.0,0.0,0.0,0.0,0.0,0.0,0.0,0.0,0.0,0.0,0.0,0.0,0.0,0.0,0.0,0.0,5582c15d10bb9021aa713cff3afed1998d5b4664,0.0,0.0,38.8590343,0.0,0.0,0.0,0.0,-77.0922255,0.0,0.0,0.0,0.0,0.0,0.0,0.0,0.0,0.0,0.0,RD Renti,0.0,1,0.0,0.0,0.0,0.0,0.0,0.0,ChIJETALya-2t4kRvbAMa0C4OOI,0.0,0.0,0.0,,0.0,0.0,0.0,0.0,0.0,0.0,0.0,0.0,0.0,0.0,0.0,0.0,0.0,0.0,0.0,0.0,0.0,0.0,0.0,"1210 South Glebe Road #4083, Arlington",0.0
79,0.0,0.0,0.0,0.0,0.0,0.0,0.0,0.0,0.0,0.0,0.0,0.0,0.0,0.0,0.0,0.0,0.0,1.0,0.0,0.0,0.0,0.0,0.0,0.0,0.0,0.0,0.0,0.0,0.0,0.0,0.0,0.0,0.0,0.0,0.0,0.0,0.0,0.0,0.0,0.0,0.0,0.0,0.0,0.0,0.0,0.0,6010a50c290ac5e194f3472b89e25e327f6583a2,0.0,0.0,38.8586001,0.0,0.0,0.0,0.0,-77.0527164,0.0,0.0,0.0,0.0,0.0,0.0,0.0,0.0,0.0,0.0,Hertz Local Edition,0.0,0,0.0,0.0,0.0,0.0,0.0,0.0,ChIJ_2gyRSa3t4kRx7u_qJBipHQ,0.0,0.0,0.0,,0.0,0.0,0.0,0.0,0.0,0.0,0.0,0.0,0.0,0.0,0.0,0.0,0.0,0.0,0.0,0.0,0.0,0.0,0.0,"1700 Jefferson Davis Highway, Arlington",0.0
80,0.0,0.0,0.0,0.0,0.0,0.0,0.0,0.0,0.0,0.0,0.0,0.0,0.0,0.0,0.0,0.0,0.0,1.0,0.0,0.0,0.0,0.0,0.0,0.0,0.0,0.0,0.0,0.0,0.0,0.0,0.0,0.0,0.0,0.0,0.0,0.0,0.0,0.0,0.0,0.0,0.0,0.0,0.0,0.0,0.0,0.0,9e835f5329b48c4bbfbb48ff0c72a24cbe6a8759,0.0,0.0,38.8589941,0.0,0.0,0.0,0.0,-77.0526563,0.0,0.0,0.0,0.0,0.0,0.0,0.0,0.0,0.0,0.0,Hertz Rent a Car,0.0,1,0.0,0.0,0.0,0.0,0.0,0.0,ChIJwY3OWCa3t4kRvBFpMHQSKrU,0.0,0.0,0.0,,0.0,0.0,0.0,0.0,0.0,0.0,0.0,0.0,0.0,0.0,0.0,0.0,0.0,0.0,0.0,0.0,0.0,0.0,0.0,"1700 Jefferson Davis Highway Ste A, Arlington",0.0
81,0.0,0.0,0.0,0.0,0.0,0.0,0.0,0.0,0.0,0.0,0.0,0.0,0.0,0.0,0.0,0.0,0.0,1.0,0.0,0.0,0.0,0.0,0.0,0.0,0.0,0.0,0.0,0.0,0.0,0.0,0.0,0.0,0.0,0.0,0.0,0.0,0.0,0.0,0.0,0.0,0.0,0.0,0.0,0.0,0.0,0.0,bb7e2a6c08c461906d0da891399906d74a60e7e8,0.0,0.0,38.8580584,0.0,0.0,0.0,0.0,-77.0526538,0.0,0.0,0.0,0.0,0.0,0.0,0.0,0.0,0.0,0.0,Hertz Rent A Car,0.0,0,0.0,0.0,0.0,0.0,0.0,0.0,ChIJ_2gyRSa3t4kRtlNV1OL_Ako,0.0,0.0,0.0,,0.0,0.0,0.0,0.0,0.0,0.0,0.0,0.0,0.0,0.0,0.0,0.0,0.0,0.0,0.0,0.0,0.0,0.0,0.0,"1700 Jefferson Davis Highway, Arlington",0.0
82,0.0,0.0,0.0,0.0,0.0,0.0,0.0,0.0,0.0,0.0,0.0,0.0,0.0,0.0,0.0,0.0,0.0,1.0,0.0,0.0,0.0,0.0,0.0,0.0,0.0,0.0,0.0,0.0,0.0,0.0,0.0,0.0,0.0,0.0,0.0,0.0,0.0,0.0,0.0,0.0,0.0,0.0,0.0,0.0,0.0,0.0,77dd67e2e6ceb5560e3e352ebb677433f45faf84,0.0,0.0,38.8634634,0.0,0.0,0.0,0.0,-76.914232,0.0,0.0,0.0,0.0,0.0,0.0,0.0,0.0,0.0,0.0,A Plus Auto Rental,0.0,0,0.0,0.0,0.0,0.0,0.0,0.0,ChIJc4pzRtK-t4kRG0ZtJv5mNnU,0.0,0.0,0.0,,0.0,0.0,0.0,0.0,0.0,0.0,0.0,0.0,0.0,0.0,0.0,0.0,0.0,0.0,0.0,0.0,0.0,0.0,0.0,"5421 Marlboro Pike, District Heights",0.0
83,0.0,0.0,0.0,0.0,0.0,0.0,0.0,0.0,0.0,0.0,0.0,0.0,0.0,0.0,0.0,0.0,0.0,1.0,0.0,0.0,0.0,0.0,0.0,0.0,0.0,0.0,0.0,0.0,0.0,0.0,0.0,0.0,0.0,0.0,0.0,0.0,0.0,0.0,0.0,0.0,0.0,0.0,0.0,0.0,0.0,0.0,e0b1b122ffcd8808a02398d16f06050eb05801bd,0.0,0.0,38.855742,0.0,0.0,0.0,0.0,-77.1106269,0.0,0.0,0.0,0.0,0.0,0.0,0.0,0.0,0.0,0.0,Titan Limousine Service,0.0,1,0.0,0.0,0.0,0.0,0.0,0.0,ChIJfSdQ_Aa0t4kR4f7I35FQHVs,0.0,0.0,0.0,,0.0,0.0,0.0,0.0,0.0,0.0,0.0,0.0,0.0,0.0,0.0,0.0,0.0,0.0,0.0,0.0,0.0,0.0,0.0,"4850 10th Street South, Arlington",0.0
84,0.0,0.0,0.0,0.0,0.0,0.0,0.0,0.0,0.0,0.0,0.0,0.0,0.0,0.0,0.0,0.0,0.0,1.0,0.0,0.0,0.0,0.0,0.0,0.0,0.0,0.0,0.0,0.0,0.0,0.0,0.0,0.0,0.0,0.0,0.0,0.0,0.0,0.0,0.0,0.0,0.0,0.0,0.0,0.0,0.0,0.0,3db4980895aac56061b732621b5254c1a3ab2e90,0.0,0.0,38.8555014,0.0,0.0,0.0,0.0,-77.0529054,0.0,0.0,0.0,0.0,0.0,0.0,0.0,0.0,0.0,0.0,Enterprise Rent-A-Car,0.0,1,0.0,0.0,0.0,0.0,0.0,0.0,ChIJu80C8ii3t4kRo8ovpa8F8QA,0.0,0.0,0.0,4.2,0.0,0.0,0.0,0.0,0.0,0.0,0.0,0.0,0.0,0.0,0.0,0.0,0.0,0.0,0.0,0.0,0.0,0.0,0.0,"2020 Jefferson Davis Highway, Arlington",0.0
85,0.0,0.0,0.0,0.0,0.0,0.0,0.0,0.0,0.0,0.0,0.0,0.0,0.0,0.0,0.0,0.0,0.0,1.0,0.0,0.0,0.0,0.0,0.0,0.0,0.0,0.0,0.0,0.0,0.0,0.0,0.0,0.0,0.0,0.0,0.0,0.0,0.0,0.0,0.0,0.0,0.0,0.0,0.0,0.0,0.0,0.0,62a03fba4517c44c9a61f0c88303f46a60e44de4,0.0,0.0,38.8503381,0.0,0.0,0.0,0.0,-77.053118,0.0,0.0,0.0,0.0,0.0,0.0,0.0,0.0,0.0,0.0,Advantage Rent A Car,0.0,1,0.0,0.0,0.0,0.0,0.0,0.0,ChIJ7erexSu3t4kRgngW7QAvzSk,0.0,0.0,0.0,1.3,0.0,0.0,0.0,0.0,0.0,0.0,0.0,0.0,0.0,0.0,0.0,0.0,0.0,0.0,0.0,0.0,0.0,0.0,0.0,"2600 Jefferson Davis Highway, Arlington",0.0
86,0.0,0.0,0.0,0.0,0.0,0.0,0.0,0.0,0.0,0.0,0.0,0.0,0.0,0.0,0.0,0.0,0.0,1.0,0.0,0.0,0.0,0.0,0.0,0.0,0.0,0.0,0.0,0.0,0.0,0.0,0.0,0.0,0.0,0.0,0.0,0.0,0.0,0.0,0.0,0.0,0.0,0.0,0.0,0.0,0.0,0.0,1a3f5d01e25d3b18a6373c91f32bc3983e477165,0.0,0.0,38.8503611,0.0,0.0,0.0,0.0,-77.0531027,0.0,0.0,0.0,0.0,0.0,0.0,0.0,0.0,0.0,0.0,Dollar Rent a Car,0.0,1,0.0,0.0,0.0,0.0,0.0,0.0,ChIJAahj5za3t4kR-dQDPSI9OVs,0.0,0.0,0.0,2.3,0.0,0.0,0.0,0.0,0.0,0.0,0.0,0.0,0.0,0.0,0.0,0.0,0.0,0.0,0.0,0.0,0.0,0.0,0.0,"Off Airport With Shuttle Bus, or, 2600 Jefferson Davis Highway, Arlington",0.0
87,0.0,0.0,0.0,0.0,0.0,0.0,0.0,0.0,0.0,0.0,0.0,0.0,0.0,0.0,0.0,0.0,0.0,1.0,0.0,0.0,0.0,0.0,0.0,0.0,0.0,0.0,0.0,0.0,0.0,0.0,0.0,0.0,0.0,0.0,0.0,0.0,0.0,0.0,0.0,0.0,0.0,0.0,0.0,0.0,0.0,0.0,5762bd1adc35e4233075fa0e66b4f0c9e195661c,0.0,0.0,38.8553815,0.0,0.0,0.0,0.0,-77.0455152,0.0,0.0,0.0,0.0,0.0,0.0,0.0,0.0,0.0,0.0,Budget Car Rental,0.0,1,0.0,0.0,0.0,0.0,0.0,0.0,ChIJ-zMIETK3t4kR0p9bZK150r4,0.0,0.0,0.0,3.1,0.0,0.0,0.0,0.0,0.0,0.0,0.0,0.0,0.0,0.0,0.0,0.0,0.0,0.0,0.0,0.0,0.0,0.0,0.0,"1 Aviation Circle, Arlington",0.0
88,0.0,0.0,0.0,0.0,0.0,0.0,0.0,0.0,0.0,0.0,0.0,0.0,0.0,0.0,0.0,0.0,0.0,1.0,0.0,0.0,0.0,0.0,0.0,0.0,0.0,0.0,0.0,0.0,0.0,0.0,0.0,0.0,0.0,0.0,0.0,0.0,0.0,0.0,0.0,0.0,0.0,0.0,0.0,0.0,0.0,0.0,463704a6cf67ac628bca2e6ea09fbaef5ffd2bc2,0.0,0.0,38.8507303,0.0,0.0,0.0,0.0,-77.0441003,0.0,0.0,0.0,0.0,0.0,0.0,0.0,0.0,0.0,0.0,Enterprise Rent-A-Car,0.0,1,0.0,0.0,0.0,0.0,0.0,0.0,ChIJu80C8ii3t4kR0PL2Vw1HOUA,0.0,0.0,0.0,3.8,0.0,0.0,0.0,0.0,0.0,0.0,0.0,0.0,0.0,0.0,0.0,0.0,0.0,0.0,0.0,0.0,0.0,0.0,0.0,"1 Aviation Circle, Arlington",0.0
89,0.0,0.0,0.0,0.0,0.0,0.0,0.0,0.0,0.0,0.0,0.0,0.0,0.0,0.0,0.0,0.0,0.0,1.0,0.0,0.0,0.0,0.0,0.0,0.0,0.0,0.0,0.0,0.0,0.0,0.0,0.0,0.0,0.0,0.0,0.0,0.0,0.0,0.0,0.0,0.0,0.0,0.0,0.0,0.0,0.0,0.0,a2de93ca62da0ffc39efa295aebef5948ae0865b,0.0,0.0,38.857614,0.0,0.0,0.0,0.0,-77.044343,0.0,0.0,0.0,0.0,0.0,0.0,0.0,0.0,0.0,0.0,Alamo Rent A Car,0.0,1,0.0,0.0,0.0,0.0,0.0,0.0,ChIJi2ld_CO3t4kRODNkCCSv6uE,0.0,0.0,0.0,4.4,0.0,0.0,0.0,0.0,0.0,0.0,0.0,0.0,0.0,0.0,0.0,0.0,0.0,0.0,0.0,0.0,0.0,0.0,0.0,"Aviation Circle, Arlington",0.0
90,0.0,0.0,0.0,0.0,0.0,0.0,0.0,0.0,0.0,0.0,0.0,0.0,0.0,0.0,0.0,0.0,0.0,1.0,0.0,0.0,0.0,0.0,0.0,0.0,0.0,0.0,0.0,0.0,0.0,0.0,0.0,0.0,0.0,0.0,0.0,0.0,0.0,0.0,0.0,0.0,0.0,0.0,0.0,0.0,0.0,0.0,41fe02ef7b190ec2de596a4294de38de1ecbf588,0.0,0.0,38.8498687,0.0,0.0,0.0,0.0,-77.0445865,0.0,0.0,0.0,0.0,0.0,0.0,0.0,0.0,0.0,0.0,Hertz Car Rental,0.0,0,0.0,0.0,0.0,0.0,0.0,0.0,ChIJc2YyCTK3t4kRUO1Kh5QCIPc,0.0,0.0,0.0,,0.0,0.0,0.0,0.0,0.0,0.0,0.0,0.0,0.0,0.0,0.0,0.0,0.0,0.0,0.0,0.0,0.0,0.0,0.0,Arlington,0.0
91,0.0,0.0,0.0,0.0,0.0,0.0,0.0,0.0,0.0,0.0,0.0,0.0,0.0,0.0,0.0,0.0,0.0,1.0,0.0,0.0,0.0,0.0,0.0,0.0,0.0,0.0,0.0,0.0,0.0,0.0,0.0,0.0,0.0,0.0,0.0,0.0,0.0,0.0,0.0,0.0,0.0,0.0,0.0,0.0,0.0,0.0,ae90a9a6c43e90feb7b199970cc00c17fb4495bb,0.0,0.0,38.8516075,0.0,0.0,0.0,0.0,-76.9189375,0.0,0.0,0.0,0.0,0.0,0.0,0.0,0.0,0.0,0.0,All Auto Van Truck Rental System,0.0,0,0.0,0.0,0.0,0.0,0.0,0.0,ChIJs3PtmW-vt4kRdE_DVHVReas,0.0,0.0,0.0,,0.0,0.0,0.0,0.0,0.0,0.0,0.0,0.0,0.0,0.0,0.0,0.0,0.0,0.0,0.0,0.0,0.0,0.0,0.0,"4073 Silver Hill Road, Fort Washington",0.0
92,0.0,0.0,0.0,0.0,0.0,0.0,0.0,0.0,0.0,0.0,0.0,0.0,0.0,0.0,0.0,0.0,0.0,1.0,0.0,0.0,0.0,0.0,0.0,0.0,0.0,0.0,0.0,0.0,0.0,0.0,0.0,0.0,0.0,0.0,0.0,0.0,0.0,0.0,0.0,0.0,0.0,0.0,0.0,0.0,0.0,0.0,d3471bb00298c46263b2e70e4217c5cc64fa433b,0.0,0.0,38.8441225,0.0,0.0,0.0,0.0,-77.1096698,0.0,0.0,0.0,0.0,0.0,0.0,0.0,0.0,0.0,0.0,Executive Ride Sedan and Limo Service,0.0,0,0.0,0.0,0.0,0.0,0.0,0.0,ChIJ07a5avuzt4kRyP8nxgUdNa4,0.0,0.0,0.0,,0.0,0.0,0.0,0.0,0.0,0.0,0.0,0.0,0.0,0.0,0.0,0.0,0.0,0.0,0.0,0.0,0.0,0.0,0.0,"5055 South Chesterfield Road, Arlington",0.0
93,0.0,0.0,0.0,0.0,0.0,0.0,0.0,0.0,0.0,0.0,0.0,0.0,0.0,0.0,0.0,0.0,0.0,1.0,0.0,0.0,0.0,0.0,0.0,0.0,0.0,0.0,0.0,0.0,0.0,0.0,0.0,0.0,0.0,0.0,0.0,0.0,0.0,0.0,0.0,0.0,0.0,0.0,0.0,0.0,0.0,0.0,d3471bb00298c46263b2e70e4217c5cc64fa433b,0.0,0.0,38.8441225,0.0,0.0,0.0,0.0,-77.1096698,0.0,0.0,0.0,0.0,0.0,0.0,0.0,0.0,0.0,0.0,Executive Ride Sedan and Limo Service,0.0,0,0.0,0.0,0.0,0.0,0.0,0.0,ChIJ07a5avuzt4kRyP8nxgUdNa4,0.0,0.0,0.0,,0.0,0.0,0.0,0.0,0.0,0.0,0.0,0.0,0.0,0.0,0.0,0.0,0.0,0.0,0.0,0.0,0.0,0.0,0.0,"5055 South Chesterfield Road, Arlington",0.0
94,0.0,0.0,0.0,0.0,0.0,0.0,0.0,0.0,0.0,0.0,0.0,0.0,0.0,0.0,0.0,0.0,0.0,1.0,0.0,0.0,0.0,0.0,0.0,0.0,0.0,0.0,0.0,0.0,0.0,0.0,0.0,0.0,0.0,0.0,0.0,0.0,0.0,0.0,0.0,0.0,0.0,0.0,0.0,0.0,0.0,0.0,0e335713b2ddaeba861d3a9c2864175734854004,0.0,0.0,38.8411443,0.0,0.0,0.0,0.0,-77.0878757,0.0,0.0,0.0,0.0,0.0,0.0,0.0,0.0,0.0,0.0,Enterprise Rent-A-Car,0.0,1,0.0,0.0,0.0,0.0,0.0,0.0,ChIJqb6ez0-xt4kRcnh2fRw1b48,0.0,0.0,0.0,4.4,0.0,0.0,0.0,0.0,0.0,0.0,0.0,0.0,0.0,0.0,0.0,0.0,0.0,0.0,0.0,0.0,0.0,0.0,0.0,"2778 South Arlington Mill Drive, Arlington",0.0
95,0.0,0.0,0.0,0.0,0.0,0.0,0.0,0.0,0.0,0.0,0.0,0.0,0.0,0.0,0.0,0.0,0.0,1.0,0.0,0.0,0.0,0.0,0.0,0.0,0.0,0.0,0.0,0.0,0.0,0.0,0.0,0.0,0.0,0.0,0.0,0.0,0.0,0.0,0.0,0.0,0.0,0.0,0.0,0.0,0.0,0.0,dbe59cb016695c723fa82cdf6c47f7cfd47957d9,0.0,0.0,38.8457513,0.0,0.0,0.0,0.0,-77.0688295,0.0,0.0,0.0,0.0,0.0,0.0,0.0,0.0,0.0,0.0,Zipcar,0.0,0,0.0,0.0,0.0,0.0,0.0,0.0,ChIJ_SzjZDKxt4kRTdLukx7swRY,0.0,0.0,0.0,,0.0,0.0,0.0,0.0,0.0,0.0,0.0,0.0,0.0,0.0,0.0,0.0,0.0,0.0,0.0,0.0,0.0,0.0,0.0,"2901 South Glebe Road, Arlington",0.0
96,0.0,0.0,0.0,0.0,0.0,0.0,0.0,0.0,0.0,0.0,0.0,0.0,0.0,0.0,0.0,0.0,0.0,1.0,0.0,0.0,0.0,0.0,0.0,0.0,0.0,0.0,0.0,0.0,0.0,0.0,0.0,0.0,0.0,0.0,0.0,0.0,0.0,0.0,0.0,0.0,0.0,0.0,0.0,0.0,0.0,0.0,4df9af355dc561c712f9f1ad450b292aa0f14e4a,0.0,0.0,38.8480324,0.0,0.0,0.0,0.0,-77.0518251,0.0,0.0,0.0,0.0,0.0,0.0,0.0,0.0,0.0,0.0,Hertz Rent a Car,0.0,0,0.0,0.0,0.0,0.0,0.0,0.0,ChIJ80KYbCu3t4kRXJ7_15DswO4,0.0,0.0,0.0,,0.0,0.0,0.0,0.0,0.0,0.0,0.0,0.0,0.0,0.0,0.0,0.0,0.0,0.0,0.0,0.0,0.0,0.0,0.0,"2899 Jefferson Davis Highway, Arlington",0.0
97,0.0,0.0,0.0,0.0,0.0,0.0,0.0,0.0,0.0,0.0,0.0,0.0,0.0,0.0,0.0,0.0,0.0,1.0,0.0,0.0,0.0,0.0,0.0,0.0,0.0,0.0,0.0,0.0,0.0,0.0,0.0,0.0,0.0,0.0,0.0,0.0,0.0,0.0,0.0,0.0,0.0,0.0,0.0,0.0,0.0,0.0,0de90dcc9974cde8c2dc5ef087b9eb3a27f934a1,0.0,0.0,38.8489239,0.0,0.0,0.0,0.0,-77.041347,0.0,0.0,0.0,0.0,0.0,0.0,0.0,0.0,0.0,0.0,National Car Rental,0.0,1,0.0,0.0,0.0,0.0,0.0,0.0,ChIJ4_JjxjO3t4kRA4pKAMEgzVs,0.0,0.0,0.0,4.5,0.0,0.0,0.0,0.0,0.0,0.0,0.0,0.0,0.0,0.0,0.0,0.0,0.0,0.0,0.0,0.0,0.0,0.0,0.0,"1 Aviation Circle, Arlington",0.0
98,0.0,0.0,0.0,0.0,0.0,0.0,0.0,0.0,0.0,0.0,0.0,0.0,0.0,0.0,0.0,0.0,0.0,1.0,0.0,0.0,0.0,0.0,0.0,0.0,0.0,0.0,0.0,0.0,0.0,0.0,0.0,0.0,0.0,0.0,0.0,0.0,0.0,0.0,0.0,0.0,0.0,0.0,0.0,0.0,0.0,0.0,912479c1242892cfc5701fb1c7db54402ddef578,0.0,0.0,38.847099,0.0,0.0,0.0,0.0,-76.9534946,0.0,0.0,0.0,0.0,0.0,0.0,0.0,0.0,0.0,0.0,Enterprise Rent-A-Car,0.0,1,0.0,0.0,0.0,0.0,0.0,0.0,ChIJnwM1I3C5t4kRc2vhYMj1cPA,0.0,0.0,0.0,4.8,0.0,0.0,0.0,0.0,0.0,0.0,0.0,0.0,0.0,0.0,0.0,0.0,0.0,0.0,0.0,0.0,0.0,0.0,0.0,"3204 Curtis Drive, Temple Hills",0.0
99,0.0,0.0,0.0,0.0,0.0,0.0,0.0,0.0,0.0,0.0,0.0,0.0,0.0,0.0,0.0,0.0,0.0,1.0,0.0,0.0,0.0,0.0,0.0,0.0,0.0,0.0,0.0,0.0,0.0,0.0,0.0,0.0,0.0,0.0,0.0,0.0,0.0,0.0,0.0,0.0,0.0,0.0,0.0,0.0,0.0,0.0,ac45a95facf85554cd91cb53d6442d1b8034c490,0.0,0.0,38.838005,0.0,0.0,0.0,0.0,-77.1048519,0.0,0.0,0.0,0.0,0.0,0.0,0.0,0.0,0.0,0.0,   ,0.0,1,0.0,0.0,0.0,0.0,0.0,0.0,ChIJEQIpN-Kzt4kRPm1EYvFfJ_8,0.0,0.0,0.0,,0.0,0.0,0.0,0.0,0.0,0.0,0.0,0.0,0.0,0.0,0.0,0.0,0.0,0.0,0.0,0.0,0.0,0.0,0.0,"4390king st, apt 1318, Alexandria",0.0
100,0.0,0.0,0.0,0.0,0.0,0.0,0.0,0.0,0.0,0.0,0.0,0.0,0.0,0.0,0.0,0.0,0.0,1.0,0.0,0.0,0.0,0.0,0.0,0.0,0.0,0.0,0.0,0.0,0.0,0.0,0.0,0.0,0.0,0.0,0.0,0.0,0.0,0.0,0.0,0.0,0.0,0.0,0.0,0.0,0.0,0.0,ac45a95facf85554cd91cb53d6442d1b8034c490,0.0,0.0,38.838005,0.0,0.0,0.0,0.0,-77.1048519,0.0,0.0,0.0,0.0,0.0,0.0,0.0,0.0,0.0,0.0,   ,0.0,1,0.0,0.0,0.0,0.0,0.0,0.0,ChIJEQIpN-Kzt4kRPm1EYvFfJ_8,0.0,0.0,0.0,,0.0,0.0,0.0,0.0,0.0,0.0,0.0,0.0,0.0,0.0,0.0,0.0,0.0,0.0,0.0,0.0,0.0,0.0,0.0,"4390king st, apt 1318, Alexandria",0.0
101,0.0,0.0,0.0,0.0,0.0,0.0,0.0,0.0,0.0,0.0,0.0,0.0,0.0,0.0,0.0,0.0,0.0,1.0,0.0,0.0,0.0,0.0,0.0,0.0,0.0,0.0,0.0,0.0,0.0,0.0,0.0,0.0,0.0,0.0,0.0,0.0,0.0,0.0,0.0,0.0,0.0,0.0,0.0,0.0,0.0,0.0,6d4b64658aa8413cfa4b566d1981bfe86003dade,0.0,0.0,38.8391219,0.0,0.0,0.0,0.0,-77.0626099,0.0,0.0,0.0,0.0,0.0,0.0,0.0,0.0,0.0,0.0,King Cab Co,0.0,1,0.0,0.0,0.0,0.0,0.0,0.0,ChIJU834MC-xt4kRIn7qfB6obyg,0.0,0.0,0.0,2.8,0.0,0.0,0.0,0.0,0.0,0.0,0.0,0.0,0.0,0.0,0.0,0.0,0.0,0.0,0.0,0.0,0.0,0.0,0.0,"3706 Mount Vernon Avenue, Alexandria",0.0
102,0.0,0.0,0.0,0.0,0.0,0.0,0.0,0.0,0.0,0.0,0.0,0.0,0.0,0.0,0.0,0.0,0.0,1.0,0.0,0.0,0.0,0.0,0.0,0.0,0.0,0.0,0.0,0.0,0.0,0.0,0.0,0.0,0.0,0.0,0.0,0.0,0.0,0.0,0.0,0.0,0.0,0.0,0.0,0.0,0.0,0.0,67d53c03bf13507156515fe37cd56fdee83cc252,0.0,0.0,38.8370963,0.0,0.0,0.0,0.0,-76.9239727,0.0,0.0,0.0,0.0,0.0,0.0,0.0,0.0,0.0,0.0,Online Enterprise Travel,0.0,0,0.0,0.0,0.0,0.0,0.0,0.0,ChIJM9H_JUq5t4kRw_60fjHSWFk,0.0,0.0,0.0,,0.0,0.0,0.0,0.0,0.0,0.0,0.0,0.0,0.0,0.0,0.0,0.0,0.0,0.0,0.0,0.0,1.0,0.0,0.0,Suitland,0.0
103,0.0,0.0,0.0,0.0,0.0,0.0,0.0,0.0,0.0,0.0,0.0,0.0,0.0,0.0,0.0,0.0,0.0,1.0,0.0,0.0,0.0,0.0,0.0,0.0,0.0,0.0,0.0,0.0,0.0,0.0,0.0,0.0,0.0,0.0,0.0,0.0,0.0,0.0,0.0,0.0,0.0,0.0,0.0,0.0,0.0,0.0,f048463bba431bde411eba45ebb84c39775696d2,0.0,0.0,38.8288166,0.0,0.0,0.0,0.0,-77.0842291,0.0,0.0,0.0,0.0,0.0,0.0,0.0,0.0,0.0,0.0,Enterprise Rent-A-Car,0.0,1,0.0,0.0,0.0,0.0,0.0,0.0,ChIJOe56bWqxt4kRCIzSyZCj-vQ,0.0,0.0,0.0,4.2,0.0,0.0,0.0,0.0,0.0,0.0,0.0,0.0,0.0,0.0,0.0,0.0,0.0,0.0,0.0,0.0,0.0,0.0,0.0,"1525 Kenwood Avenue, Alexandria",0.0
104,0.0,0.0,0.0,0.0,0.0,0.0,0.0,0.0,0.0,0.0,0.0,0.0,0.0,0.0,0.0,0.0,0.0,1.0,0.0,0.0,0.0,0.0,0.0,0.0,0.0,0.0,0.0,0.0,0.0,0.0,0.0,0.0,0.0,0.0,0.0,0.0,0.0,0.0,0.0,0.0,0.0,0.0,0.0,0.0,0.0,0.0,4961f5a23656d633c67daa868d73e66df8e47815,0.0,0.0,38.8279331,0.0,0.0,0.0,0.0,-77.0844971,0.0,0.0,0.0,0.0,0.0,0.0,0.0,0.0,0.0,0.0,Hertz Rent A Car,0.0,0,0.0,0.0,0.0,0.0,0.0,0.0,ChIJsUgkuEGxt4kR2UY9Ieb4hIM,0.0,0.0,0.0,,0.0,0.0,0.0,0.0,0.0,0.0,0.0,0.0,0.0,0.0,0.0,0.0,0.0,0.0,0.0,0.0,0.0,0.0,0.0,"1575 Kenwood Avenue, Alexandria",0.0
105,0.0,0.0,0.0,0.0,0.0,0.0,0.0,0.0,0.0,0.0,0.0,0.0,0.0,0.0,0.0,0.0,0.0,1.0,0.0,0.0,0.0,0.0,0.0,0.0,0.0,0.0,0.0,0.0,0.0,0.0,0.0,0.0,0.0,0.0,0.0,0.0,0.0,0.0,0.0,0.0,0.0,0.0,0.0,0.0,0.0,0.0,f1dfc4f121715cacde30c6dd3604cec344d42f6d,0.0,0.0,38.827334,0.0,0.0,0.0,0.0,-76.9446098,0.0,0.0,0.0,0.0,0.0,0.0,0.0,0.0,0.0,0.0,Enterprise Rent-A-Car,0.0,1,0.0,0.0,0.0,0.0,0.0,0.0,ChIJrSx_Tty7t4kRkAhk74Wje3s,0.0,0.0,0.0,3.9,0.0,0.0,0.0,0.0,0.0,0.0,0.0,0.0,0.0,0.0,0.0,0.0,0.0,0.0,0.0,0.0,0.0,0.0,0.0,"4515 St. Barnabas Road, Temple Hills",0.0
106,0.0,0.0,0.0,0.0,0.0,0.0,0.0,0.0,0.0,0.0,0.0,0.0,0.0,0.0,0.0,0.0,0.0,1.0,0.0,0.0,0.0,0.0,0.0,0.0,0.0,0.0,0.0,0.0,0.0,0.0,0.0,0.0,0.0,0.0,0.0,0.0,0.0,0.0,0.0,0.0,0.0,0.0,0.0,0.0,0.0,0.0,f1dfc4f121715cacde30c6dd3604cec344d42f6d,0.0,0.0,38.827334,0.0,0.0,0.0,0.0,-76.9446098,0.0,0.0,0.0,0.0,0.0,0.0,0.0,0.0,0.0,0.0,Enterprise Rent-A-Car,0.0,1,0.0,0.0,0.0,0.0,0.0,0.0,ChIJrSx_Tty7t4kRkAhk74Wje3s,0.0,0.0,0.0,3.9,0.0,0.0,0.0,0.0,0.0,0.0,0.0,0.0,0.0,0.0,0.0,0.0,0.0,0.0,0.0,0.0,0.0,0.0,0.0,"4515 St. Barnabas Road, Temple Hills",0.0
107,0.0,0.0,0.0,0.0,0.0,0.0,0.0,0.0,0.0,0.0,0.0,0.0,0.0,0.0,0.0,0.0,0.0,1.0,0.0,0.0,0.0,0.0,0.0,0.0,0.0,0.0,0.0,0.0,0.0,0.0,0.0,0.0,0.0,0.0,0.0,0.0,0.0,0.0,0.0,0.0,0.0,0.0,0.0,0.0,0.0,0.0,a5f1161dd1f3100e7eca61c71634aca568384cf3,0.0,0.0,38.8265719,0.0,0.0,0.0,0.0,-76.9441721,0.0,0.0,0.0,0.0,0.0,0.0,0.0,0.0,0.0,0.0,Thrifty Car Rental,0.0,0,0.0,0.0,0.0,0.0,0.0,0.0,ChIJn-xgTdy7t4kRGXyfuqs8gBc,0.0,0.0,0.0,,0.0,0.0,0.0,0.0,0.0,0.0,0.0,0.0,0.0,0.0,0.0,0.0,0.0,0.0,0.0,0.0,0.0,0.0,0.0,"4520 Saint Barnabas Road, Temple Hills",0.0
108,0.0,0.0,0.0,0.0,0.0,0.0,0.0,0.0,0.0,0.0,0.0,0.0,0.0,0.0,0.0,0.0,0.0,1.0,0.0,0.0,0.0,0.0,0.0,0.0,0.0,0.0,0.0,0.0,0.0,0.0,0.0,0.0,0.0,0.0,0.0,0.0,0.0,0.0,0.0,0.0,0.0,0.0,0.0,0.0,0.0,0.0,84b82957c851b8d27574e28adb76647bea3a3a99,0.0,0.0,38.8265639,0.0,0.0,0.0,0.0,-76.9442378,0.0,0.0,0.0,0.0,0.0,0.0,0.0,0.0,0.0,0.0,Dollar Rent a Car,0.0,0,0.0,0.0,0.0,0.0,0.0,0.0,ChIJyV4mUD0Gt4kR-c9-_ngWfrw,0.0,0.0,0.0,,0.0,0.0,0.0,0.0,0.0,0.0,0.0,0.0,0.0,0.0,0.0,0.0,0.0,0.0,0.0,0.0,0.0,0.0,0.0,"4520A St Barnabus Road, Temple Hills",0.0
109,0.0,0.0,0.0,0.0,0.0,0.0,0.0,0.0,0.0,0.0,0.0,0.0,0.0,0.0,0.0,0.0,0.0,1.0,0.0,0.0,0.0,0.0,0.0,0.0,0.0,0.0,0.0,0.0,0.0,0.0,0.0,0.0,0.0,0.0,0.0,0.0,0.0,0.0,0.0,0.0,0.0,0.0,0.0,0.0,0.0,0.0,e9afffe0bc1a7ca77de470c4f7df0263613b258e,0.0,0.0,38.8265289,0.0,0.0,0.0,0.0,-76.9442385,0.0,0.0,0.0,0.0,0.0,0.0,0.0,0.0,0.0,0.0,Dollar Rent A Car,0.0,0,0.0,0.0,0.0,0.0,0.0,0.0,ChIJb54es927t4kRGEuvgBilUOI,0.0,0.0,0.0,,0.0,0.0,0.0,0.0,0.0,0.0,0.0,0.0,0.0,0.0,0.0,0.0,0.0,0.0,0.0,0.0,0.0,0.0,0.0,"A, 4520 Saint Barnabas Road, Temple Hills",0.0
110,0.0,0.0,0.0,0.0,0.0,0.0,0.0,0.0,0.0,0.0,0.0,0.0,0.0,0.0,0.0,0.0,0.0,1.0,0.0,0.0,0.0,0.0,0.0,0.0,0.0,0.0,0.0,0.0,0.0,0.0,0.0,0.0,0.0,0.0,0.0,0.0,0.0,0.0,0.0,0.0,0.0,0.0,0.0,0.0,0.0,0.0,51bee58a4fc75549005955cdbab6f61c09cceaec,0.0,0.0,38.8189466,0.0,0.0,0.0,0.0,-77.0593246,0.0,0.0,0.0,0.0,0.0,0.0,0.0,0.0,0.0,0.0,Agency Car Rental,0.0,0,0.0,0.0,0.0,0.0,0.0,0.0,ChIJAQAAAB2xt4kRwKzVcHZSaVY,0.0,0.0,0.0,,0.0,0.0,0.0,0.0,0.0,0.0,0.0,0.0,0.0,0.0,0.0,0.0,0.0,0.0,0.0,0.0,0.0,0.0,0.0,Alexandria,0.0
111,0.0,0.0,0.0,0.0,0.0,0.0,0.0,0.0,0.0,0.0,0.0,0.0,0.0,0.0,0.0,0.0,0.0,1.0,0.0,0.0,0.0,0.0,0.0,0.0,0.0,0.0,0.0,0.0,0.0,0.0,0.0,0.0,0.0,0.0,0.0,0.0,0.0,0.0,0.0,0.0,0.0,0.0,0.0,0.0,0.0,0.0,b80086c1ca3cd679b5f38786919594207efafecd,0.0,0.0,38.8184052,0.0,0.0,0.0,0.0,-77.0577035,0.0,0.0,0.0,0.0,0.0,0.0,0.0,0.0,0.0,0.0,Apple Auto Van & Truck Rental,0.0,1,0.0,0.0,0.0,0.0,0.0,0.0,ChIJe7uJcB2xt4kRJFsOdcnow8A,0.0,0.0,0.0,,0.0,0.0,0.0,0.0,0.0,0.0,0.0,0.0,0.0,0.0,0.0,0.0,0.0,0.0,0.0,0.0,0.0,0.0,0.0,"1316 Mount Vernon Avenue, Alexandria",0.0
112,0.0,0.0,0.0,0.0,0.0,0.0,0.0,0.0,0.0,0.0,0.0,0.0,0.0,0.0,0.0,0.0,0.0,1.0,0.0,0.0,0.0,0.0,0.0,0.0,0.0,0.0,0.0,0.0,0.0,0.0,0.0,0.0,0.0,0.0,0.0,0.0,0.0,0.0,0.0,0.0,0.0,0.0,0.0,0.0,0.0,0.0,51bee58a4fc75549005955cdbab6f61c09cceaec,0.0,0.0,38.8189466,0.0,0.0,0.0,0.0,-77.0593246,0.0,0.0,0.0,0.0,0.0,0.0,0.0,0.0,0.0,0.0,Agency Car Rental,0.0,0,0.0,0.0,0.0,0.0,0.0,0.0,ChIJAQAAAB2xt4kRwKzVcHZSaVY,0.0,0.0,0.0,,0.0,0.0,0.0,0.0,0.0,0.0,0.0,0.0,0.0,0.0,0.0,0.0,0.0,0.0,0.0,0.0,0.0,0.0,0.0,Alexandria,0.0
113,0.0,0.0,0.0,0.0,0.0,0.0,0.0,0.0,0.0,0.0,0.0,0.0,0.0,0.0,0.0,0.0,0.0,1.0,0.0,0.0,0.0,0.0,0.0,0.0,0.0,0.0,0.0,0.0,0.0,0.0,0.0,0.0,0.0,0.0,0.0,0.0,0.0,0.0,0.0,0.0,0.0,0.0,0.0,0.0,0.0,0.0,161b37b74137e50f6903e113cc00831cd8040806,0.0,0.0,38.8247453,0.0,0.0,0.0,0.0,-76.9469809,0.0,0.0,0.0,0.0,0.0,0.0,0.0,0.0,0.0,0.0,Royal Red Rental Cars,0.0,1,0.0,0.0,0.0,0.0,0.0,0.0,ChIJFxrSqdy7t4kR1SYUWplVbJc,0.0,0.0,0.0,,0.0,0.0,0.0,0.0,0.0,0.0,0.0,0.0,0.0,0.0,0.0,0.0,0.0,0.0,0.0,0.0,0.0,0.0,0.0,"4611 Cremen Road, Temple Hills",0.0
114,0.0,0.0,0.0,0.0,0.0,0.0,0.0,0.0,0.0,0.0,0.0,0.0,0.0,0.0,0.0,0.0,0.0,1.0,0.0,0.0,0.0,0.0,0.0,0.0,0.0,0.0,0.0,0.0,0.0,0.0,0.0,0.0,0.0,0.0,0.0,0.0,0.0,0.0,0.0,0.0,0.0,0.0,0.0,0.0,0.0,0.0,aa026bd026fd6655dfa0130989500fb01440059b,0.0,0.0,38.8131032,0.0,0.0,0.0,0.0,-77.0435115,0.0,0.0,0.0,0.0,0.0,0.0,0.0,0.0,0.0,0.0,Enterprise Rent-A-Car,0.0,1,0.0,0.0,0.0,0.0,0.0,0.0,ChIJcdIJbPCwt4kROob-aAGGocU,0.0,0.0,0.0,,0.0,0.0,0.0,0.0,0.0,0.0,0.0,0.0,0.0,0.0,0.0,0.0,0.0,0.0,0.0,0.0,0.0,0.0,0.0,"801 North Saint Asaph Street, Alexandria",0.0
115,0.0,0.0,0.0,0.0,0.0,0.0,0.0,0.0,0.0,0.0,0.0,0.0,0.0,0.0,0.0,0.0,0.0,1.0,0.0,0.0,0.0,0.0,0.0,0.0,0.0,0.0,0.0,0.0,0.0,0.0,0.0,0.0,0.0,0.0,0.0,0.0,0.0,0.0,0.0,0.0,0.0,0.0,0.0,0.0,0.0,0.0,9277d82923d8aca5aac5171fd2e3cfe93651ac72,0.0,0.0,38.8119468,0.0,0.0,0.0,0.0,-76.9662528,0.0,0.0,0.0,0.0,0.0,0.0,0.0,0.0,0.0,0.0,EZ Car Rental,0.0,0,0.0,0.0,0.0,0.0,0.0,0.0,ChIJox3ZEEu6t4kRKPhMYYvQRS8,0.0,0.0,0.0,,0.0,0.0,0.0,0.0,0.0,0.0,0.0,0.0,0.0,0.0,0.0,0.0,0.0,0.0,0.0,0.0,0.0,0.0,0.0,"5618 Saint Barnabas Road, Oxon Hill",0.0
116,0.0,0.0,0.0,0.0,0.0,0.0,0.0,0.0,0.0,0.0,0.0,0.0,0.0,0.0,0.0,0.0,0.0,1.0,0.0,0.0,0.0,0.0,0.0,0.0,0.0,0.0,0.0,0.0,0.0,0.0,0.0,0.0,0.0,0.0,0.0,0.0,0.0,0.0,0.0,0.0,0.0,0.0,0.0,0.0,0.0,0.0,c133f448d0fd1f49578b9b3f976847cb8b39bf76,0.0,0.0,38.8119266,0.0,0.0,0.0,0.0,-76.9662452,0.0,0.0,0.0,0.0,0.0,0.0,0.0,0.0,0.0,0.0,Auto Rent,0.0,0,0.0,0.0,0.0,0.0,0.0,0.0,ChIJ0x3ZEEu6t4kRvBU6diYW5a4,0.0,0.0,0.0,,0.0,0.0,0.0,0.0,0.0,0.0,0.0,0.0,0.0,0.0,0.0,0.0,0.0,0.0,0.0,0.0,0.0,0.0,0.0,"5618 Saint Barnabas Road, Oxon Hill",0.0
117,0.0,0.0,0.0,0.0,0.0,0.0,0.0,0.0,0.0,0.0,0.0,0.0,0.0,0.0,0.0,0.0,0.0,1.0,0.0,0.0,0.0,0.0,0.0,0.0,0.0,0.0,0.0,0.0,0.0,0.0,0.0,0.0,0.0,0.0,0.0,0.0,0.0,0.0,0.0,0.0,0.0,0.0,0.0,0.0,0.0,0.0,e9fafd0c0677742178d8e89485589ba0a7efbdb7,0.0,0.0,38.8140024,0.0,0.0,0.0,0.0,-76.9455296,0.0,0.0,0.0,0.0,0.0,0.0,0.0,0.0,0.0,0.0,Priceless Car & Truck Rental,0.0,0,0.0,0.0,0.0,0.0,0.0,0.0,ChIJSaF3n8C7t4kRrR7kMT-FDWg,0.0,0.0,0.0,,0.0,0.0,0.0,0.0,0.0,0.0,0.0,0.0,0.0,0.0,0.0,0.0,0.0,0.0,0.0,0.0,0.0,0.0,0.0,Temple Hills,0.0
118,0.0,0.0,0.0,0.0,0.0,0.0,0.0,0.0,0.0,0.0,0.0,0.0,0.0,0.0,0.0,0.0,0.0,1.0,0.0,0.0,0.0,0.0,0.0,0.0,0.0,0.0,0.0,0.0,0.0,0.0,0.0,0.0,0.0,0.0,0.0,0.0,0.0,0.0,0.0,0.0,0.0,0.0,0.0,0.0,0.0,0.0,aaa688cc1326f97447e34f2e4027a03621ccde79,0.0,0.0,38.805319,0.0,0.0,0.0,0.0,-77.0450259,0.0,0.0,0.0,0.0,0.0,0.0,0.0,0.0,0.0,0.0,Just Vacations,0.0,0,0.0,0.0,0.0,0.0,0.0,0.0,ChIJPZeiHfiwt4kRjgIwoDkxuvw,0.0,0.0,0.0,,0.0,0.0,0.0,0.0,0.0,0.0,0.0,0.0,0.0,0.0,0.0,0.0,0.0,0.0,0.0,0.0,1.0,0.0,0.0,"501 King Street, Alexandria",0.0
119,0.0,0.0,0.0,0.0,0.0,0.0,0.0,0.0,0.0,0.0,0.0,0.0,0.0,0.0,0.0,0.0,0.0,1.0,0.0,0.0,0.0,0.0,0.0,0.0,0.0,0.0,0.0,0.0,0.0,0.0,0.0,0.0,0.0,0.0,0.0,0.0,0.0,0.0,0.0,0.0,0.0,0.0,0.0,0.0,0.0,0.0,7314d241f5ced1de246ee789ee977f592363143b,0.0,0.0,38.8017459,0.0,0.0,0.0,0.0,-76.9878173,0.0,0.0,0.0,0.0,0.0,0.0,0.0,0.0,0.0,0.0,Enterprise Rent-A-Car,0.0,1,0.0,0.0,0.0,0.0,0.0,0.0,ChIJz0wvmWC6t4kRI1AzWgJtVJI,0.0,0.0,0.0,3.8,0.0,0.0,0.0,0.0,0.0,0.0,0.0,0.0,0.0,0.0,0.0,0.0,0.0,0.0,0.0,0.0,0.0,0.0,0.0,"6345 Livingston Road, Oxon Hill",0.0
120,0.0,0.0,0.0,0.0,0.0,0.0,0.0,0.0,0.0,0.0,0.0,0.0,0.0,0.0,0.0,0.0,0.0,1.0,0.0,0.0,0.0,0.0,0.0,0.0,0.0,0.0,0.0,0.0,0.0,0.0,0.0,0.0,0.0,0.0,0.0,0.0,0.0,0.0,0.0,0.0,0.0,0.0,0.0,0.0,0.0,0.0,cc5d89128f5d714a77c153f6fab3f001d723f624,0.0,0.0,38.8043159,0.0,0.0,0.0,0.0,-76.9900025,0.0,0.0,0.0,0.0,0.0,0.0,0.0,0.0,0.0,0.0,Flex Car Rental Inc,0.0,0,0.0,0.0,0.0,0.0,0.0,0.0,ChIJFXKP2Ga6t4kRjttipDn3nhY,0.0,0.0,0.0,,0.0,0.0,0.0,0.0,0.0,0.0,0.0,0.0,0.0,0.0,0.0,0.0,0.0,0.0,0.0,0.0,0.0,0.0,0.0,"6206 Livingston Road, Oxon Hill",0.0
121,0.0,0.0,0.0,0.0,0.0,0.0,0.0,0.0,0.0,0.0,0.0,0.0,0.0,0.0,0.0,0.0,0.0,1.0,0.0,0.0,0.0,0.0,0.0,0.0,0.0,0.0,0.0,0.0,0.0,0.0,0.0,0.0,0.0,0.0,0.0,0.0,0.0,0.0,0.0,0.0,0.0,0.0,0.0,0.0,0.0,0.0,34f57b2f060523a84b322b16445cc86b5dcdb3af,0.0,0.0,38.8035599,0.0,0.0,0.0,0.0,-76.9818711,0.0,0.0,0.0,0.0,0.0,0.0,0.0,0.0,0.0,0.0,Acme Auto Leasing,0.0,0,0.0,0.0,0.0,0.0,0.0,0.0,ChIJf8ljcVy6t4kRfSXOs2M_bs8,0.0,0.0,0.0,,0.0,0.0,0.0,0.0,0.0,0.0,0.0,0.0,0.0,0.0,0.0,0.0,0.0,0.0,0.0,0.0,0.0,0.0,0.0,"6192 Oxon Hill Road # 400, Oxon Hill",0.0
122,0.0,0.0,0.0,0.0,0.0,0.0,0.0,0.0,0.0,0.0,0.0,0.0,0.0,0.0,0.0,0.0,0.0,1.0,0.0,0.0,0.0,0.0,0.0,0.0,0.0,0.0,0.0,0.0,0.0,0.0,0.0,0.0,0.0,0.0,0.0,0.0,0.0,0.0,0.0,0.0,0.0,0.0,0.0,0.0,0.0,0.0,74c16507fe6e2f9b54c488d956e47fed61d1c578,0.0,0.0,38.7808784,0.0,0.0,0.0,0.0,-77.0171022,0.0,0.0,0.0,0.0,0.0,0.0,0.0,0.0,0.0,0.0,Hertz Rent A Car,0.0,0,0.0,0.0,0.0,0.0,0.0,0.0,ChIJcUTvmnSwt4kRm3pKDG6DxUg,0.0,0.0,0.0,2.0,0.0,0.0,0.0,0.0,0.0,0.0,0.0,0.0,0.0,0.0,0.0,0.0,0.0,0.0,0.0,0.0,0.0,0.0,0.0,"201 Waterfront Street, Oxon Hill",0.0
123,0.0,0.0,0.0,0.0,0.0,0.0,0.0,0.0,0.0,0.0,0.0,0.0,0.0,0.0,0.0,0.0,0.0,1.0,0.0,0.0,0.0,0.0,0.0,0.0,0.0,0.0,0.0,0.0,0.0,0.0,0.0,0.0,0.0,0.0,0.0,0.0,0.0,0.0,0.0,0.0,0.0,0.0,0.0,0.0,0.0,0.0,74c16507fe6e2f9b54c488d956e47fed61d1c578,0.0,0.0,38.7808784,0.0,0.0,0.0,0.0,-77.0171022,0.0,0.0,0.0,0.0,0.0,0.0,0.0,0.0,0.0,0.0,Hertz Rent A Car,0.0,0,0.0,0.0,0.0,0.0,0.0,0.0,ChIJcUTvmnSwt4kRm3pKDG6DxUg,0.0,0.0,0.0,2.0,0.0,0.0,0.0,0.0,0.0,0.0,0.0,0.0,0.0,0.0,0.0,0.0,0.0,0.0,0.0,0.0,0.0,0.0,0.0,"201 Waterfront Street, Oxon Hill",0.0
