,accounting,airport,amusement_park,aquarium,art_gallery,atm,bakery,bank,bar,beauty_salon,bicycle_store,book_store,bowling_alley,bus_station,cafe,campground,car_dealer,car_rental,car_repair,car_wash,casino,cemetery,church,city_hall,clothing_store,convenience_store,courthouse,dentist,department_store,doctor,electrician,electronics_store,embassy,fire_station,florist,food (deprecated),funeral_home,furniture_store,gas_station,grocery_or_supermarket,gym,hair_care,hardware_store,hindu_temple,home_goods_store,hospital,id,insurance_agency,jewelry_store,lat,laundry,lawyer,library,liquor_store,lng,local_government_office,locksmith,lodging,meal_delivery,meal_takeaway,mosque,movie_rental,movie_theater,moving_company,museum,name,night_club,num_photos,painter,park,parking,pet_store,pharmacy,physiotherapist,place_id,plumber,police,post_office,price_level,rating,real_estate_agency,restaurant,roofing_contractor,rv_park,school,shoe_store,shopping_mall,spa,stadium,storage,store,subway_station,synagogue,taxi_stand,train_station,transit_station,travel_agency,university,veterinary_care,vicinity,zoo
0,0.0,0.0,0.0,0.0,0.0,0.0,0.0,0.0,0.0,0.0,0.0,0.0,0.0,0.0,0.0,0.0,0.0,0.0,0.0,0.0,0.0,1.0,0.0,0.0,0.0,0.0,0.0,0.0,0.0,0.0,0.0,0.0,0.0,0.0,0.0,0.0,0.0,0.0,0.0,0.0,0.0,0.0,0.0,0.0,0.0,0.0,302e3b9f55cbcff5fa1bff580990ab398b22bd24,0.0,0.0,39.0060016,0.0,0.0,0.0,0.0,-77.0374253,0.0,0.0,0.0,0.0,0.0,0.0,0.0,0.0,0.0,0.0,Grace Episcopal Cemetery,0.0,0,0.0,0.0,0.0,0.0,0.0,0.0,ChIJOTSdlcvIt4kR0Glq1hPXWmU,0.0,0.0,0.0,,,0.0,0.0,0.0,0.0,0.0,0.0,0.0,0.0,0.0,0.0,0.0,0.0,0.0,0.0,0.0,0.0,0.0,0.0,0.0,"1607 Grace Church Road, Silver Spring",0.0
1,0.0,0.0,0.0,0.0,0.0,0.0,0.0,0.0,0.0,0.0,0.0,0.0,0.0,0.0,0.0,0.0,0.0,0.0,0.0,0.0,0.0,1.0,0.0,0.0,0.0,0.0,0.0,0.0,0.0,0.0,0.0,0.0,0.0,0.0,0.0,0.0,0.0,0.0,0.0,0.0,0.0,0.0,0.0,0.0,0.0,0.0,3f0364787ea7b62e0ecdbbd225c9a640bcaa3849,0.0,0.0,38.9707606,0.0,0.0,0.0,0.0,-77.0266704,0.0,0.0,0.0,0.0,0.0,0.0,0.0,0.0,0.0,0.0,Battleground National Cemetery,0.0,0,0.0,1.0,0.0,0.0,0.0,0.0,ChIJ5QggQonIt4kRrYrt0K6PbaA,0.0,0.0,0.0,,,0.0,0.0,0.0,0.0,0.0,0.0,0.0,0.0,0.0,0.0,0.0,0.0,0.0,0.0,0.0,0.0,0.0,0.0,0.0,Washington,0.0
2,0.0,0.0,0.0,0.0,0.0,0.0,0.0,0.0,0.0,0.0,0.0,0.0,0.0,0.0,0.0,0.0,0.0,0.0,0.0,0.0,0.0,1.0,0.0,0.0,0.0,0.0,0.0,0.0,0.0,0.0,0.0,0.0,0.0,0.0,0.0,0.0,1.0,0.0,0.0,0.0,0.0,0.0,0.0,0.0,0.0,0.0,474b5f0e266200ac65cec7a1a8187cccc31d97ed,0.0,0.0,38.941691,0.0,0.0,0.0,0.0,-77.0239798,0.0,0.0,0.0,0.0,0.0,0.0,0.0,0.0,0.0,0.0,Tri-State Funeral Services,0.0,1,0.0,0.0,0.0,0.0,0.0,0.0,ChIJU2o_cYu3t4kRN4k4i_STg6Q,0.0,0.0,0.0,,,0.0,0.0,0.0,0.0,0.0,0.0,0.0,0.0,0.0,0.0,0.0,0.0,0.0,0.0,0.0,0.0,0.0,0.0,0.0,"814 Upshur Street Northwest, Washington",0.0
3,0.0,0.0,0.0,0.0,0.0,0.0,0.0,0.0,0.0,0.0,0.0,0.0,0.0,0.0,0.0,0.0,0.0,0.0,0.0,0.0,0.0,1.0,0.0,0.0,0.0,0.0,0.0,0.0,0.0,0.0,0.0,0.0,0.0,0.0,0.0,0.0,0.0,0.0,0.0,0.0,0.0,0.0,0.0,0.0,0.0,0.0,a000161626cbaa823a7aa4be0d04e1d8984dad6d,0.0,0.0,38.947444,0.0,0.0,0.0,0.0,-77.012036,0.0,0.0,0.0,0.0,0.0,0.0,0.0,0.0,0.0,0.0,Rock Creek Cemetery,0.0,1,0.0,0.0,0.0,0.0,0.0,0.0,ChIJYeM8unXIt4kR_oEYBU2JCss,0.0,0.0,0.0,,,0.0,0.0,0.0,0.0,0.0,0.0,0.0,0.0,0.0,0.0,0.0,0.0,0.0,0.0,0.0,0.0,0.0,0.0,0.0,"201 Allison Street Northwest, Washington",0.0
4,0.0,0.0,0.0,0.0,0.0,0.0,0.0,0.0,0.0,0.0,0.0,0.0,0.0,0.0,0.0,0.0,0.0,0.0,0.0,0.0,0.0,1.0,1.0,0.0,0.0,0.0,0.0,0.0,0.0,0.0,0.0,0.0,0.0,0.0,0.0,0.0,0.0,0.0,0.0,0.0,0.0,0.0,0.0,0.0,0.0,0.0,841005639625d42e2d03417aaa7ab15698f32e07,0.0,0.0,38.9469231,0.0,0.0,0.0,0.0,-77.012095,0.0,0.0,0.0,0.0,0.0,0.0,0.0,0.0,0.0,0.0,St. Paul's Episcopal Church,0.0,1,0.0,0.0,0.0,0.0,0.0,0.0,ChIJ_-QWtArIt4kRoKBDW5jSRZ8,0.0,0.0,0.0,,,0.0,0.0,0.0,0.0,0.0,0.0,0.0,0.0,0.0,0.0,0.0,0.0,0.0,0.0,0.0,0.0,0.0,0.0,0.0,"201 Allison Street Northwest, Washington",0.0
5,0.0,0.0,0.0,0.0,0.0,0.0,0.0,0.0,0.0,0.0,0.0,0.0,0.0,0.0,0.0,0.0,0.0,0.0,0.0,0.0,0.0,1.0,0.0,0.0,0.0,0.0,0.0,0.0,0.0,0.0,0.0,0.0,0.0,0.0,0.0,0.0,0.0,0.0,0.0,0.0,0.0,0.0,0.0,0.0,0.0,0.0,46743bfaf504ca4c77245f663ca738bf4c8d60c9,0.0,0.0,38.9445855,0.0,0.0,0.0,0.0,-77.0085853,0.0,0.0,0.0,0.0,0.0,0.0,0.0,0.0,0.0,0.0,Soldiers Home Cemetery,0.0,0,0.0,0.0,0.0,0.0,0.0,0.0,ChIJW6V4CuDHt4kRPE7ikS45Voc,0.0,0.0,0.0,,,0.0,0.0,0.0,0.0,0.0,0.0,0.0,0.0,0.0,0.0,0.0,0.0,0.0,0.0,0.0,0.0,0.0,0.0,0.0,Washington,0.0
6,0.0,0.0,0.0,0.0,0.0,0.0,0.0,0.0,0.0,0.0,0.0,0.0,0.0,0.0,0.0,0.0,0.0,0.0,0.0,0.0,0.0,1.0,0.0,0.0,0.0,0.0,0.0,0.0,0.0,0.0,0.0,0.0,0.0,0.0,0.0,0.0,0.0,0.0,0.0,0.0,0.0,0.0,0.0,0.0,0.0,0.0,e14f8d919097c9fe95f0ae43e1f5424607cba73f,0.0,0.0,38.9444688,0.0,0.0,0.0,0.0,-77.008791,0.0,0.0,0.0,0.0,0.0,0.0,0.0,0.0,0.0,0.0,Soldiers Home Natl Cemetery,0.0,0,0.0,0.0,0.0,0.0,0.0,0.0,ChIJs9oURODHt4kRRz1EqHxgDDU,0.0,0.0,0.0,,,0.0,0.0,0.0,0.0,0.0,0.0,0.0,0.0,0.0,0.0,0.0,0.0,0.0,0.0,0.0,0.0,0.0,0.0,0.0,"21 Harewood Road Northwest, Washington",0.0
7,0.0,0.0,0.0,0.0,0.0,0.0,0.0,0.0,0.0,0.0,0.0,0.0,0.0,0.0,0.0,0.0,0.0,0.0,0.0,0.0,0.0,1.0,0.0,0.0,0.0,0.0,0.0,0.0,0.0,0.0,0.0,0.0,0.0,0.0,0.0,0.0,0.0,0.0,0.0,0.0,0.0,0.0,0.0,0.0,0.0,0.0,481bdcc15827b2406b9a13995adee9cb9b77d030,0.0,0.0,38.9475278,0.0,0.0,0.0,0.0,-77.0154167,0.0,0.0,0.0,0.0,0.0,0.0,0.0,0.0,0.0,0.0,Orthodox Christian Cemetery,0.0,0,0.0,0.0,0.0,0.0,0.0,0.0,ChIJn-4KiHTIt4kRNUmQitTjNvE,0.0,0.0,0.0,,,0.0,0.0,0.0,0.0,0.0,0.0,0.0,0.0,0.0,0.0,0.0,0.0,0.0,0.0,0.0,0.0,0.0,0.0,0.0,"38°56'51. 77°00'55., 1405 1/2 5th Street Northwest, Washington",0.0
8,0.0,0.0,0.0,0.0,0.0,0.0,0.0,0.0,0.0,0.0,0.0,0.0,0.0,0.0,0.0,0.0,0.0,0.0,0.0,0.0,0.0,1.0,0.0,0.0,0.0,0.0,0.0,0.0,0.0,0.0,0.0,0.0,0.0,0.0,0.0,0.0,0.0,0.0,0.0,0.0,0.0,0.0,0.0,0.0,0.0,0.0,46743bfaf504ca4c77245f663ca738bf4c8d60c9,0.0,0.0,38.9445855,0.0,0.0,0.0,0.0,-77.0085853,0.0,0.0,0.0,0.0,0.0,0.0,0.0,0.0,0.0,0.0,Soldiers Home Cemetery,0.0,0,0.0,0.0,0.0,0.0,0.0,0.0,ChIJW6V4CuDHt4kRPE7ikS45Voc,0.0,0.0,0.0,,,0.0,0.0,0.0,0.0,0.0,0.0,0.0,0.0,0.0,0.0,0.0,0.0,0.0,0.0,0.0,0.0,0.0,0.0,0.0,Washington,0.0
9,0.0,0.0,0.0,0.0,0.0,0.0,0.0,0.0,0.0,0.0,0.0,0.0,0.0,0.0,0.0,0.0,0.0,0.0,0.0,0.0,0.0,1.0,0.0,0.0,0.0,0.0,0.0,0.0,0.0,0.0,0.0,0.0,0.0,0.0,0.0,0.0,0.0,0.0,0.0,0.0,0.0,0.0,0.0,0.0,0.0,0.0,e14f8d919097c9fe95f0ae43e1f5424607cba73f,0.0,0.0,38.9444688,0.0,0.0,0.0,0.0,-77.008791,0.0,0.0,0.0,0.0,0.0,0.0,0.0,0.0,0.0,0.0,Soldiers Home Natl Cemetery,0.0,0,0.0,0.0,0.0,0.0,0.0,0.0,ChIJs9oURODHt4kRRz1EqHxgDDU,0.0,0.0,0.0,,,0.0,0.0,0.0,0.0,0.0,0.0,0.0,0.0,0.0,0.0,0.0,0.0,0.0,0.0,0.0,0.0,0.0,0.0,0.0,"21 Harewood Road Northwest, Washington",0.0
10,0.0,0.0,0.0,0.0,0.0,0.0,0.0,0.0,0.0,0.0,0.0,0.0,0.0,0.0,0.0,0.0,0.0,0.0,0.0,0.0,0.0,1.0,0.0,0.0,0.0,0.0,0.0,0.0,0.0,0.0,0.0,0.0,0.0,0.0,0.0,0.0,1.0,0.0,0.0,0.0,0.0,0.0,0.0,0.0,0.0,0.0,607846dca3691bdd721da1abb477ba3ad76d01c4,0.0,0.0,38.9321329,0.0,0.0,0.0,0.0,-76.9553852,0.0,0.0,0.0,0.0,0.0,0.0,0.0,0.0,0.0,0.0,Fort Lincoln Funeral Home,0.0,1,0.0,0.0,0.0,0.0,0.0,0.0,ChIJmSCtjWXHt4kRQDoRkUJoGVA,0.0,0.0,0.0,,4.5,0.0,0.0,0.0,0.0,0.0,0.0,0.0,0.0,0.0,0.0,0.0,0.0,0.0,0.0,0.0,0.0,0.0,0.0,0.0,"3401 Bladensburg Road, Brentwood",0.0
11,0.0,0.0,0.0,0.0,0.0,0.0,0.0,0.0,0.0,0.0,0.0,0.0,0.0,0.0,0.0,0.0,0.0,0.0,0.0,0.0,0.0,1.0,1.0,0.0,0.0,0.0,0.0,0.0,0.0,0.0,0.0,0.0,0.0,0.0,0.0,0.0,0.0,0.0,0.0,0.0,0.0,0.0,0.0,0.0,0.0,0.0,702363d169cd223aa4b7a541bb23547000142156,0.0,0.0,38.9217014,0.0,0.0,0.0,0.0,-77.1288621,0.0,0.0,0.0,0.0,0.0,0.0,0.0,0.0,0.0,0.0,Walker Chapel Pre-School,0.0,0,0.0,0.0,0.0,0.0,0.0,0.0,ChIJLxv9fpO1t4kRT42eB-pUloo,0.0,0.0,0.0,,,0.0,0.0,0.0,0.0,1.0,0.0,0.0,0.0,0.0,0.0,0.0,0.0,0.0,0.0,0.0,0.0,0.0,0.0,0.0,"4102 North Old Glebe Road, Arlington",0.0
12,0.0,0.0,0.0,0.0,0.0,0.0,0.0,0.0,0.0,0.0,0.0,0.0,0.0,0.0,0.0,0.0,0.0,0.0,0.0,0.0,0.0,1.0,0.0,0.0,0.0,0.0,0.0,0.0,0.0,0.0,0.0,0.0,0.0,0.0,0.0,0.0,0.0,0.0,0.0,0.0,0.0,0.0,0.0,0.0,0.0,0.0,b30bd437d30285f318bf1e87d7e462e6237569fa,0.0,0.0,38.9175325,0.0,0.0,0.0,0.0,-77.0704772,0.0,0.0,0.0,0.0,0.0,0.0,0.0,0.0,0.0,0.0,Holy Rood Cemetery,0.0,1,0.0,0.0,0.0,0.0,0.0,0.0,ChIJ05MwVDq2t4kRbHZXsjkpJwY,0.0,0.0,0.0,,,0.0,0.0,0.0,0.0,0.0,0.0,0.0,0.0,0.0,0.0,0.0,0.0,0.0,0.0,0.0,0.0,0.0,0.0,0.0,Washington,0.0
13,0.0,0.0,0.0,0.0,0.0,0.0,0.0,0.0,0.0,0.0,0.0,0.0,0.0,0.0,0.0,0.0,0.0,0.0,0.0,0.0,0.0,1.0,0.0,0.0,0.0,0.0,0.0,0.0,0.0,0.0,0.0,0.0,0.0,0.0,0.0,0.0,0.0,0.0,0.0,0.0,0.0,0.0,0.0,0.0,0.0,0.0,f5c09d51073128572c27c6cadaad24b1df9e2d82,0.0,0.0,38.9185825,0.0,0.0,0.0,0.0,-77.0072104,0.0,0.0,0.0,0.0,0.0,0.0,0.0,0.0,0.0,0.0,Glenwood Cemetery Chapel,0.0,0,0.0,0.0,0.0,0.0,0.0,0.0,ChIJ-0uKfgG4t4kRACYar07AzHU,0.0,0.0,0.0,,,0.0,0.0,0.0,0.0,0.0,0.0,0.0,0.0,0.0,0.0,0.0,0.0,0.0,0.0,0.0,0.0,0.0,0.0,0.0,Washington,0.0
14,0.0,0.0,0.0,0.0,0.0,0.0,0.0,0.0,0.0,0.0,0.0,0.0,0.0,0.0,0.0,0.0,0.0,0.0,0.0,0.0,0.0,1.0,0.0,0.0,0.0,0.0,0.0,0.0,0.0,0.0,0.0,0.0,0.0,0.0,0.0,0.0,0.0,0.0,0.0,0.0,0.0,0.0,0.0,0.0,0.0,0.0,4b9525835b426517ac169a3fdcb65a9b9a7e72ac,0.0,0.0,38.919562,0.0,0.0,0.0,0.0,-77.007689,0.0,0.0,0.0,0.0,0.0,0.0,0.0,0.0,0.0,0.0,Prospect Hill Cemetery,0.0,1,0.0,0.0,0.0,0.0,0.0,0.0,ChIJN6hingG4t4kR13svBBEzl2A,0.0,0.0,0.0,,,0.0,0.0,0.0,0.0,0.0,0.0,0.0,0.0,0.0,0.0,0.0,0.0,0.0,0.0,0.0,0.0,0.0,0.0,0.0,"2201 North Capitol Street Northeast, Washington",0.0
15,0.0,0.0,0.0,0.0,0.0,0.0,0.0,0.0,0.0,0.0,0.0,0.0,0.0,0.0,0.0,0.0,0.0,0.0,0.0,0.0,0.0,1.0,0.0,0.0,0.0,0.0,0.0,0.0,0.0,0.0,0.0,0.0,0.0,0.0,0.0,0.0,0.0,0.0,0.0,0.0,0.0,0.0,0.0,0.0,0.0,0.0,5348168e211eeb27f2f703ab9f408ba2be9abd66,0.0,0.0,38.9192005,0.0,0.0,0.0,0.0,-77.0055958,0.0,0.0,0.0,0.0,0.0,0.0,0.0,0.0,0.0,0.0,St Mary's Catholic Cemetery,0.0,0,0.0,0.0,0.0,0.0,0.0,0.0,ChIJ9dPYSAG4t4kRW4gaVW42WBc,0.0,0.0,0.0,,,0.0,0.0,0.0,0.0,0.0,0.0,0.0,0.0,0.0,0.0,0.0,0.0,0.0,0.0,0.0,0.0,0.0,0.0,0.0,"2121 Lincoln Road Northeast, Washington",0.0
16,0.0,0.0,0.0,0.0,0.0,0.0,0.0,0.0,0.0,0.0,0.0,0.0,0.0,0.0,0.0,0.0,0.0,0.0,0.0,0.0,0.0,1.0,0.0,0.0,0.0,0.0,0.0,0.0,0.0,0.0,0.0,0.0,0.0,0.0,0.0,0.0,0.0,0.0,0.0,0.0,0.0,0.0,0.0,0.0,0.0,0.0,216b8dc05fe3bcac81e3a2a7647c8a93b026c27d,0.0,0.0,38.9129793,0.0,0.0,0.0,0.0,-77.0566678,0.0,0.0,0.0,0.0,0.0,0.0,0.0,0.0,0.0,0.0,Oak Hill Cemetery,0.0,1,0.0,0.0,0.0,0.0,0.0,0.0,ChIJL24KrTS2t4kR6RLM_6oHns0,0.0,0.0,0.0,,,0.0,0.0,0.0,0.0,0.0,0.0,0.0,0.0,0.0,0.0,0.0,0.0,0.0,0.0,0.0,0.0,0.0,0.0,0.0,"3001 R Street Northwest, Washington",0.0
17,0.0,0.0,0.0,0.0,0.0,0.0,0.0,0.0,0.0,0.0,0.0,0.0,0.0,0.0,0.0,0.0,0.0,0.0,0.0,0.0,0.0,1.0,0.0,0.0,0.0,0.0,0.0,0.0,0.0,0.0,0.0,0.0,0.0,0.0,0.0,0.0,0.0,0.0,0.0,0.0,0.0,0.0,0.0,0.0,0.0,0.0,c4cc67e800a628d4017b357c8ab8ad3a29de3ff2,0.0,0.0,38.9111472,0.0,0.0,0.0,0.0,-77.0540703,0.0,0.0,0.0,0.0,0.0,0.0,0.0,0.0,0.0,0.0,Mount Zion Cemetery,0.0,0,0.0,0.0,0.0,0.0,0.0,0.0,ChIJz_aaA8u3t4kR8TGm3l78g0U,0.0,0.0,0.0,,,0.0,0.0,0.0,0.0,0.0,0.0,0.0,0.0,0.0,0.0,0.0,0.0,0.0,0.0,0.0,0.0,0.0,0.0,0.0,"2501-, 2599 Mill Road Northwest, Washington",0.0
18,0.0,0.0,0.0,0.0,0.0,0.0,0.0,0.0,0.0,0.0,0.0,0.0,0.0,0.0,0.0,0.0,0.0,0.0,0.0,0.0,0.0,1.0,0.0,0.0,0.0,0.0,0.0,0.0,0.0,0.0,0.0,0.0,0.0,0.0,0.0,0.0,0.0,0.0,0.0,0.0,0.0,0.0,0.0,0.0,0.0,0.0,c4cc67e800a628d4017b357c8ab8ad3a29de3ff2,0.0,0.0,38.9111472,0.0,0.0,0.0,0.0,-77.0540703,0.0,0.0,0.0,0.0,0.0,0.0,0.0,0.0,0.0,0.0,Mount Zion Cemetery,0.0,0,0.0,0.0,0.0,0.0,0.0,0.0,ChIJz_aaA8u3t4kR8TGm3l78g0U,0.0,0.0,0.0,,,0.0,0.0,0.0,0.0,0.0,0.0,0.0,0.0,0.0,0.0,0.0,0.0,0.0,0.0,0.0,0.0,0.0,0.0,0.0,"2501-, 2599 Mill Road Northwest, Washington",0.0
19,0.0,0.0,0.0,0.0,0.0,0.0,0.0,0.0,0.0,0.0,0.0,0.0,0.0,0.0,0.0,0.0,0.0,0.0,0.0,0.0,0.0,1.0,0.0,0.0,0.0,0.0,0.0,0.0,0.0,0.0,0.0,0.0,0.0,0.0,0.0,0.0,0.0,0.0,0.0,0.0,0.0,0.0,0.0,0.0,0.0,0.0,468291314cbd092c03f5df957f6515ccf7dc32d3,0.0,0.0,38.9121395,0.0,0.0,0.0,0.0,-77.0289174,0.0,0.0,0.0,0.0,0.0,0.0,0.0,0.0,0.0,0.0,Saint Johns Cemetery,0.0,0,0.0,0.0,0.0,0.0,0.0,0.0,ChIJIa2KPum3t4kRsMeP6sj1lEQ,0.0,0.0,0.0,,,0.0,0.0,0.0,0.0,0.0,0.0,0.0,0.0,0.0,0.0,0.0,0.0,0.0,0.0,0.0,0.0,0.0,0.0,0.0,Washington,0.0
20,0.0,0.0,0.0,0.0,0.0,0.0,0.0,0.0,0.0,0.0,0.0,0.0,0.0,0.0,0.0,0.0,0.0,0.0,0.0,0.0,0.0,1.0,0.0,0.0,0.0,0.0,0.0,0.0,0.0,0.0,0.0,0.0,0.0,0.0,0.0,0.0,1.0,0.0,0.0,0.0,0.0,0.0,0.0,0.0,0.0,0.0,9aa1552397de6d90cd9002832d6ad3104553b1ed,0.0,0.0,38.9132161,0.0,0.0,0.0,0.0,-77.0093522,0.0,0.0,0.0,0.0,0.0,0.0,0.0,0.0,0.0,0.0,Taylor's Funeral Home,0.0,1,0.0,0.0,0.0,0.0,0.0,0.0,ChIJZ-JMSh24t4kRXOQfXYgaT-o,0.0,0.0,0.0,,4.8,0.0,0.0,0.0,0.0,0.0,0.0,0.0,0.0,0.0,0.0,0.0,0.0,0.0,0.0,0.0,0.0,0.0,0.0,0.0,"1722 North Capitol Street Northwest, Washington",0.0
21,0.0,0.0,0.0,0.0,0.0,0.0,0.0,0.0,0.0,0.0,0.0,0.0,0.0,0.0,0.0,0.0,0.0,0.0,0.0,0.0,0.0,1.0,0.0,0.0,0.0,0.0,0.0,0.0,0.0,0.0,0.0,0.0,0.0,0.0,0.0,0.0,0.0,0.0,0.0,0.0,0.0,0.0,0.0,0.0,0.0,0.0,a3de6f4e16bb87f6a5832f2d0129b890c9d872e2,0.0,0.0,38.91152,0.0,0.0,0.0,0.0,-76.979318,0.0,0.0,0.0,0.0,0.0,0.0,0.0,0.0,0.0,0.0,Mount Olivet Cemetery,0.0,1,0.0,0.0,0.0,0.0,0.0,0.0,ChIJn5BDsHG4t4kRU-CSzRU5HjU,0.0,0.0,0.0,,,0.0,0.0,0.0,0.0,0.0,0.0,0.0,0.0,0.0,0.0,0.0,0.0,0.0,0.0,0.0,0.0,0.0,0.0,0.0,"1300 Bladensburg Road Northeast, Washington",0.0
22,0.0,0.0,0.0,0.0,0.0,0.0,0.0,0.0,0.0,0.0,0.0,0.0,0.0,0.0,0.0,0.0,0.0,0.0,0.0,0.0,0.0,1.0,0.0,0.0,0.0,0.0,0.0,0.0,0.0,0.0,0.0,0.0,0.0,0.0,0.0,0.0,0.0,0.0,0.0,0.0,0.0,0.0,0.0,0.0,0.0,0.0,ea2ecd4639d9dca786cf84c9afb77093e0571833,0.0,0.0,38.9003895,0.0,0.0,0.0,0.0,-76.9877534,0.0,0.0,0.0,0.0,0.0,0.0,0.0,0.0,0.0,0.0,Eastern Cemetery,0.0,0,0.0,0.0,0.0,0.0,0.0,0.0,ChIJ397P-z-4t4kRSF6QGVSn5Yc,0.0,0.0,0.0,,,0.0,0.0,0.0,0.0,0.0,0.0,0.0,0.0,0.0,0.0,0.0,0.0,0.0,0.0,0.0,0.0,0.0,0.0,0.0,Washington,0.0
23,0.0,0.0,0.0,0.0,0.0,0.0,0.0,0.0,0.0,0.0,0.0,0.0,0.0,0.0,0.0,0.0,0.0,0.0,0.0,0.0,0.0,1.0,1.0,0.0,0.0,0.0,0.0,0.0,0.0,0.0,0.0,0.0,0.0,0.0,0.0,0.0,0.0,0.0,0.0,0.0,0.0,0.0,0.0,0.0,0.0,0.0,05466d9bc4eb50c472b67cd82d920c7e845d7662,0.0,0.0,38.8994025,0.0,0.0,0.0,0.0,-76.909925,0.0,0.0,0.0,0.0,0.0,0.0,0.0,0.0,0.0,0.0,Addison Chapel,0.0,0,0.0,0.0,0.0,0.0,0.0,0.0,ChIJLz-z5E6_t4kR7d3TVKGwGl0,0.0,0.0,0.0,,,0.0,0.0,0.0,0.0,0.0,0.0,0.0,0.0,0.0,0.0,0.0,0.0,0.0,0.0,0.0,0.0,0.0,0.0,0.0,"6301 Addison Rd, Seat Pleasant",0.0
24,0.0,0.0,0.0,0.0,0.0,0.0,0.0,0.0,0.0,0.0,0.0,0.0,0.0,0.0,0.0,0.0,0.0,0.0,0.0,0.0,0.0,1.0,0.0,0.0,0.0,0.0,0.0,0.0,0.0,0.0,0.0,0.0,0.0,0.0,0.0,0.0,0.0,0.0,0.0,0.0,0.0,0.0,0.0,0.0,0.0,0.0,d35a0e63a7a8c2d7a912f2f7ab1c407511e61e49,0.0,0.0,38.9053604,0.0,0.0,0.0,0.0,-76.8786493,0.0,0.0,0.0,0.0,0.0,0.0,0.0,0.0,0.0,0.0,National Harmony Memorial Park,0.0,1,0.0,1.0,0.0,0.0,0.0,0.0,ChIJQcHnDX2_t4kRBzi1GObDgHY,0.0,0.0,0.0,,3.9,0.0,0.0,0.0,0.0,0.0,0.0,0.0,0.0,0.0,0.0,0.0,0.0,0.0,0.0,0.0,0.0,0.0,0.0,0.0,"7101 Sheriff Road, Hyattsville",0.0
25,0.0,0.0,0.0,0.0,0.0,0.0,0.0,0.0,0.0,0.0,0.0,0.0,0.0,0.0,0.0,0.0,0.0,0.0,0.0,0.0,0.0,1.0,0.0,0.0,0.0,0.0,0.0,0.0,0.0,0.0,0.0,0.0,0.0,0.0,0.0,0.0,0.0,0.0,0.0,0.0,0.0,0.0,0.0,0.0,0.0,0.0,120a069a30352ce667e2570253e67b22890f39cf,0.0,0.0,38.8891155,0.0,0.0,0.0,0.0,-77.1198156,0.0,0.0,0.0,0.0,0.0,0.0,0.0,0.0,0.0,0.0,Mount Olivet Cemetery,0.0,0,0.0,0.0,0.0,0.0,0.0,0.0,ChIJ4UYLsza0t4kRdM6MOJXajBk,0.0,0.0,0.0,,,0.0,0.0,0.0,0.0,0.0,0.0,0.0,0.0,0.0,0.0,0.0,0.0,0.0,0.0,0.0,0.0,0.0,0.0,0.0,Arlington,0.0
26,0.0,0.0,0.0,0.0,0.0,0.0,0.0,0.0,0.0,0.0,0.0,0.0,0.0,0.0,0.0,0.0,0.0,0.0,0.0,0.0,0.0,1.0,0.0,0.0,0.0,0.0,0.0,0.0,0.0,0.0,0.0,0.0,0.0,0.0,0.0,0.0,0.0,0.0,0.0,0.0,0.0,0.0,0.0,0.0,0.0,0.0,1e95a5fd7bd90f95d34aa52241aefdfb9ffa2efc,0.0,0.0,38.8856451,0.0,0.0,0.0,0.0,-77.0994759,0.0,0.0,0.0,0.0,0.0,0.0,0.0,0.0,0.0,0.0,Saint Charles School Cemetery,0.0,0,0.0,0.0,0.0,0.0,0.0,0.0,ChIJB68ErYO2t4kRCXn_7eahkQU,0.0,0.0,0.0,,,0.0,0.0,0.0,0.0,1.0,0.0,0.0,0.0,0.0,0.0,0.0,0.0,0.0,0.0,0.0,0.0,0.0,0.0,0.0,Arlington,0.0
27,0.0,0.0,0.0,0.0,0.0,0.0,0.0,0.0,0.0,0.0,0.0,0.0,0.0,0.0,0.0,0.0,0.0,0.0,0.0,0.0,0.0,1.0,0.0,0.0,0.0,0.0,0.0,0.0,0.0,0.0,0.0,0.0,0.0,0.0,0.0,0.0,0.0,0.0,0.0,0.0,0.0,0.0,0.0,0.0,0.0,0.0,36823ab0465a983b70b4eb84578806e4d94027e1,0.0,0.0,38.8836567,0.0,0.0,0.0,0.0,-77.0693761,0.0,0.0,0.0,0.0,0.0,0.0,0.0,0.0,0.0,0.0,President William Howard Taft Monument,0.0,1,0.0,0.0,0.0,0.0,0.0,0.0,ChIJORm9sPC2t4kRb9KfBqnTQbI,0.0,0.0,0.0,,,0.0,0.0,0.0,0.0,0.0,0.0,0.0,0.0,0.0,0.0,0.0,0.0,0.0,0.0,0.0,0.0,0.0,0.0,0.0,"Schley Drive, Arlington",0.0
28,0.0,0.0,0.0,0.0,0.0,0.0,0.0,0.0,0.0,0.0,0.0,0.0,0.0,0.0,0.0,0.0,0.0,0.0,0.0,0.0,0.0,1.0,0.0,0.0,0.0,0.0,0.0,0.0,0.0,0.0,0.0,0.0,0.0,0.0,0.0,0.0,0.0,0.0,0.0,0.0,0.0,0.0,0.0,0.0,0.0,0.0,cadfa0a714175bbb5a6023f7cc3debe70a7e80da,0.0,0.0,38.8838781,0.0,0.0,0.0,0.0,-77.0721253,0.0,0.0,0.0,0.0,0.0,0.0,0.0,0.0,0.0,0.0,Mary Randolph Grave,0.0,0,0.0,0.0,0.0,0.0,0.0,0.0,ChIJO79ROPG2t4kR1UchvqWuHXc,0.0,0.0,0.0,,,0.0,0.0,0.0,0.0,0.0,0.0,0.0,0.0,0.0,0.0,0.0,0.0,0.0,0.0,0.0,0.0,0.0,0.0,0.0,Fort Myer,0.0
29,0.0,0.0,0.0,0.0,0.0,0.0,0.0,0.0,0.0,0.0,0.0,0.0,0.0,0.0,0.0,0.0,0.0,0.0,0.0,0.0,0.0,1.0,0.0,0.0,0.0,0.0,0.0,0.0,0.0,0.0,0.0,0.0,0.0,0.0,0.0,0.0,0.0,0.0,0.0,0.0,0.0,0.0,0.0,0.0,0.0,0.0,0492bce2c6dfe0b203098fc05b189025de32d667,0.0,0.0,38.8845166,0.0,0.0,0.0,0.0,-77.068788,0.0,0.0,0.0,0.0,0.0,0.0,0.0,0.0,0.0,0.0,L. Huston Gravesite,0.0,0,0.0,0.0,0.0,0.0,0.0,0.0,ChIJ_7nATfe2t4kRHt3qdFiKXNA,0.0,0.0,0.0,,,0.0,0.0,0.0,0.0,0.0,0.0,0.0,0.0,0.0,0.0,0.0,0.0,0.0,0.0,0.0,0.0,0.0,0.0,0.0,Arlington,0.0
30,0.0,0.0,0.0,0.0,0.0,0.0,0.0,0.0,0.0,0.0,0.0,0.0,0.0,0.0,0.0,0.0,0.0,0.0,0.0,0.0,0.0,1.0,0.0,0.0,0.0,0.0,0.0,0.0,0.0,0.0,0.0,0.0,0.0,0.0,0.0,0.0,0.0,0.0,0.0,0.0,0.0,0.0,0.0,0.0,0.0,0.0,0492bce2c6dfe0b203098fc05b189025de32d667,0.0,0.0,38.8845166,0.0,0.0,0.0,0.0,-77.068788,0.0,0.0,0.0,0.0,0.0,0.0,0.0,0.0,0.0,0.0,L. Huston Gravesite,0.0,0,0.0,0.0,0.0,0.0,0.0,0.0,ChIJ_7nATfe2t4kRHt3qdFiKXNA,0.0,0.0,0.0,,,0.0,0.0,0.0,0.0,0.0,0.0,0.0,0.0,0.0,0.0,0.0,0.0,0.0,0.0,0.0,0.0,0.0,0.0,0.0,Arlington,0.0
31,0.0,0.0,0.0,0.0,0.0,0.0,0.0,0.0,0.0,0.0,0.0,0.0,0.0,0.0,0.0,0.0,0.0,0.0,0.0,0.0,0.0,1.0,0.0,0.0,0.0,0.0,0.0,0.0,0.0,0.0,0.0,0.0,0.0,0.0,0.0,0.0,0.0,0.0,0.0,0.0,0.0,0.0,0.0,0.0,0.0,0.0,5ad8c769b28e1ae82b8e1bcdd4b05ec21111758d,0.0,0.0,38.885318,0.0,0.0,0.0,0.0,-76.938457,0.0,0.0,0.0,0.0,0.0,0.0,0.0,0.0,0.0,0.0,Woodlawn Cemetery,0.0,0,0.0,0.0,0.0,0.0,0.0,0.0,ChIJYZe9K8O4t4kRuoBahZZQnzM,0.0,0.0,0.0,,,0.0,0.0,0.0,0.0,0.0,0.0,0.0,0.0,0.0,0.0,0.0,0.0,0.0,0.0,0.0,0.0,0.0,0.0,0.0,"4611 Benning Road Southeast, Washington",0.0
32,0.0,0.0,0.0,0.0,0.0,0.0,0.0,0.0,0.0,0.0,0.0,0.0,0.0,0.0,0.0,0.0,0.0,0.0,0.0,0.0,0.0,1.0,0.0,0.0,0.0,0.0,0.0,0.0,0.0,0.0,0.0,0.0,0.0,0.0,0.0,0.0,0.0,0.0,0.0,0.0,0.0,0.0,0.0,0.0,0.0,0.0,de27c710110ae1fa7f39a35553d38f92bed4c4db,0.0,0.0,38.8802682,0.0,0.0,0.0,0.0,-77.0788906,0.0,0.0,0.0,0.0,0.0,0.0,0.0,0.0,0.0,0.0,Fort Myer Gate,0.0,0,0.0,0.0,0.0,0.0,0.0,0.0,ChIJD8o9qPK2t4kRwV1qTQ_zd2I,0.0,0.0,0.0,,,0.0,0.0,0.0,0.0,0.0,0.0,0.0,0.0,0.0,0.0,0.0,0.0,0.0,0.0,0.0,0.0,0.0,0.0,0.0,"Meigs Avenue, Fort Myer",0.0
33,0.0,0.0,0.0,0.0,0.0,0.0,0.0,0.0,0.0,0.0,0.0,0.0,0.0,0.0,0.0,0.0,0.0,0.0,0.0,0.0,0.0,1.0,0.0,0.0,0.0,0.0,0.0,0.0,0.0,0.0,0.0,0.0,0.0,0.0,0.0,0.0,0.0,0.0,0.0,0.0,0.0,0.0,0.0,0.0,0.0,0.0,2a7a02c847b62570b0b62b6896b70da5ec2d0301,0.0,0.0,38.8761148,0.0,0.0,0.0,0.0,-77.077302,0.0,0.0,0.0,0.0,0.0,0.0,0.0,0.0,0.0,0.0,Jackson Circle,0.0,0,0.0,0.0,0.0,0.0,0.0,0.0,ChIJw9Zljey2t4kRfQlGNBuIuVY,0.0,0.0,0.0,,,0.0,0.0,0.0,0.0,0.0,0.0,0.0,0.0,0.0,0.0,0.0,0.0,0.0,0.0,0.0,0.0,0.0,0.0,0.0,"Jackson Circle, Arlington",0.0
34,0.0,0.0,0.0,0.0,0.0,0.0,0.0,0.0,0.0,0.0,0.0,0.0,0.0,0.0,0.0,0.0,0.0,0.0,0.0,0.0,0.0,1.0,0.0,0.0,0.0,0.0,0.0,0.0,0.0,0.0,0.0,0.0,0.0,0.0,0.0,0.0,0.0,0.0,0.0,0.0,0.0,0.0,0.0,0.0,0.0,0.0,4c52f434d7b2cac23dccf379c0e001a88ea5dd06,0.0,0.0,38.8765044,0.0,0.0,0.0,0.0,-77.0747161,0.0,0.0,0.0,0.0,0.0,0.0,0.0,0.0,0.0,0.0,USS Maine Mast Memorial,0.0,1,0.0,0.0,0.0,0.0,0.0,0.0,ChIJyxgWOuy2t4kRBDFkU1yuJ9Q,0.0,0.0,0.0,,,0.0,0.0,0.0,0.0,0.0,0.0,0.0,0.0,0.0,0.0,0.0,0.0,0.0,0.0,0.0,0.0,0.0,0.0,0.0,Arlington,0.0
35,0.0,0.0,0.0,0.0,0.0,0.0,0.0,0.0,0.0,0.0,0.0,0.0,0.0,0.0,0.0,0.0,0.0,0.0,0.0,0.0,0.0,1.0,0.0,0.0,0.0,0.0,0.0,0.0,0.0,0.0,0.0,0.0,0.0,0.0,0.0,0.0,0.0,0.0,0.0,0.0,0.0,0.0,0.0,0.0,0.0,0.0,63f3db631831447d37c6a34ac8618cfb801431d6,0.0,0.0,38.8770716,0.0,0.0,0.0,0.0,-77.0732085,0.0,0.0,0.0,0.0,0.0,0.0,0.0,0.0,0.0,0.0,Korean War Contemplative Bench,0.0,0,0.0,1.0,0.0,0.0,0.0,0.0,ChIJ-QWCfe62t4kR75Wzjs2o7Zw,0.0,0.0,0.0,,,0.0,0.0,0.0,0.0,0.0,0.0,0.0,0.0,0.0,0.0,0.0,0.0,0.0,0.0,0.0,0.0,0.0,0.0,0.0,"Memorial Drive, Fort Myer",0.0
36,0.0,0.0,0.0,0.0,0.0,0.0,0.0,0.0,0.0,0.0,0.0,0.0,0.0,0.0,0.0,0.0,0.0,0.0,0.0,0.0,0.0,1.0,0.0,0.0,0.0,0.0,0.0,0.0,0.0,0.0,0.0,0.0,0.0,0.0,0.0,0.0,0.0,0.0,0.0,0.0,0.0,0.0,0.0,0.0,0.0,0.0,4ef90ff179ce4654eab8f65c689b2e0b824276b5,0.0,0.0,38.8817045,0.0,0.0,0.0,0.0,-77.0759797,0.0,0.0,0.0,0.0,0.0,0.0,0.0,0.0,0.0,0.0,Anita Newcomb McGee Gravesite,0.0,0,0.0,1.0,0.0,0.0,0.0,0.0,ChIJZyIeW_K2t4kRP-OaNmTsT8o,0.0,0.0,0.0,,,0.0,0.0,0.0,0.0,0.0,0.0,0.0,0.0,0.0,0.0,0.0,0.0,0.0,0.0,0.0,0.0,0.0,0.0,0.0,"Humpherys Drive, Arlington",0.0
37,0.0,0.0,0.0,0.0,0.0,0.0,0.0,0.0,0.0,0.0,0.0,0.0,0.0,0.0,0.0,0.0,0.0,0.0,0.0,0.0,0.0,1.0,0.0,0.0,0.0,0.0,0.0,0.0,0.0,0.0,0.0,0.0,0.0,0.0,0.0,0.0,0.0,0.0,0.0,0.0,0.0,0.0,0.0,0.0,0.0,0.0,08918b7356e45aebf9817f653f618e6c1f136704,0.0,0.0,38.8781676,0.0,0.0,0.0,0.0,-77.0744222,0.0,0.0,0.0,0.0,0.0,0.0,0.0,0.0,0.0,0.0,Custis Burying Ground,0.0,0,0.0,0.0,0.0,0.0,0.0,0.0,ChIJ7Vaq3O22t4kR_P8j58efhrs,0.0,0.0,0.0,,,0.0,0.0,0.0,0.0,0.0,0.0,0.0,0.0,0.0,0.0,0.0,0.0,0.0,0.0,0.0,0.0,0.0,0.0,0.0,Fort Myer,0.0
38,0.0,0.0,0.0,0.0,0.0,0.0,0.0,0.0,0.0,0.0,0.0,0.0,0.0,0.0,0.0,0.0,0.0,0.0,0.0,0.0,0.0,1.0,0.0,0.0,0.0,0.0,0.0,0.0,0.0,0.0,0.0,0.0,0.0,0.0,0.0,0.0,0.0,0.0,0.0,0.0,0.0,0.0,0.0,0.0,0.0,0.0,9dceea70189c496ddadcae0bfa2992605d777292,0.0,0.0,38.8783252,0.0,0.0,0.0,0.0,-77.068671,0.0,0.0,0.0,0.0,0.0,0.0,0.0,0.0,0.0,0.0,Arlington National Cemetery,0.0,1,0.0,0.0,0.0,0.0,0.0,0.0,ChIJTZ46-u-2t4kRbSok2XbwiC4,0.0,0.0,0.0,0.0,4.7,0.0,0.0,0.0,0.0,0.0,0.0,0.0,0.0,0.0,0.0,0.0,0.0,0.0,0.0,0.0,0.0,0.0,0.0,0.0,Arlington,0.0
39,0.0,0.0,0.0,0.0,0.0,0.0,0.0,0.0,0.0,0.0,0.0,0.0,0.0,0.0,0.0,0.0,0.0,0.0,0.0,0.0,0.0,1.0,0.0,0.0,0.0,0.0,0.0,0.0,0.0,0.0,0.0,0.0,0.0,0.0,0.0,0.0,0.0,0.0,0.0,0.0,0.0,0.0,0.0,0.0,0.0,0.0,2d8c34d315203171f4bcf34aa8b280c4778ce9fc,0.0,0.0,38.8811633,0.0,0.0,0.0,0.0,-77.0713457,0.0,0.0,0.0,0.0,0.0,0.0,0.0,0.0,0.0,0.0,Robert F. Kennedy Gravesite,0.0,1,0.0,0.0,0.0,0.0,0.0,0.0,ChIJ53gEsfG2t4kR_AmjC0fRxVQ,0.0,0.0,0.0,,4.1,0.0,0.0,0.0,0.0,0.0,0.0,0.0,0.0,0.0,0.0,0.0,0.0,0.0,0.0,0.0,0.0,0.0,0.0,0.0,"Sheridan Drive, Arlington",0.0
40,0.0,0.0,0.0,0.0,0.0,0.0,0.0,0.0,0.0,0.0,0.0,0.0,0.0,0.0,0.0,0.0,0.0,0.0,0.0,0.0,0.0,1.0,0.0,0.0,0.0,0.0,0.0,0.0,0.0,0.0,0.0,0.0,0.0,0.0,0.0,0.0,0.0,0.0,0.0,0.0,0.0,0.0,0.0,0.0,0.0,0.0,0b3d277dc5728af7730ac20d226bf3f176d9d225,0.0,0.0,38.8819079,0.0,0.0,0.0,0.0,-77.0704624,0.0,0.0,0.0,0.0,0.0,0.0,0.0,0.0,0.0,0.0,Oliver Wendell Holmes Gravesite,0.0,1,0.0,0.0,0.0,0.0,0.0,0.0,ChIJqzSr-PC2t4kRYs1e92G57d4,0.0,0.0,0.0,,,0.0,0.0,0.0,0.0,0.0,0.0,0.0,0.0,0.0,0.0,0.0,0.0,0.0,0.0,0.0,0.0,0.0,0.0,0.0,"Sheridan Drive, Arlington",0.0
41,0.0,0.0,0.0,0.0,0.0,0.0,0.0,0.0,0.0,0.0,0.0,0.0,0.0,0.0,0.0,0.0,0.0,0.0,0.0,0.0,0.0,1.0,0.0,0.0,0.0,0.0,0.0,0.0,0.0,0.0,0.0,0.0,0.0,0.0,0.0,0.0,0.0,0.0,0.0,0.0,0.0,0.0,0.0,0.0,0.0,0.0,63f3db631831447d37c6a34ac8618cfb801431d6,0.0,0.0,38.8770716,0.0,0.0,0.0,0.0,-77.0732085,0.0,0.0,0.0,0.0,0.0,0.0,0.0,0.0,0.0,0.0,Korean War Contemplative Bench,0.0,0,0.0,1.0,0.0,0.0,0.0,0.0,ChIJ-QWCfe62t4kR75Wzjs2o7Zw,0.0,0.0,0.0,,,0.0,0.0,0.0,0.0,0.0,0.0,0.0,0.0,0.0,0.0,0.0,0.0,0.0,0.0,0.0,0.0,0.0,0.0,0.0,"Memorial Drive, Fort Myer",0.0
42,0.0,0.0,0.0,0.0,0.0,0.0,0.0,0.0,0.0,0.0,0.0,0.0,0.0,0.0,0.0,0.0,0.0,0.0,0.0,0.0,0.0,1.0,0.0,0.0,0.0,0.0,0.0,0.0,0.0,0.0,0.0,0.0,0.0,0.0,0.0,0.0,0.0,0.0,0.0,0.0,0.0,0.0,0.0,0.0,0.0,0.0,003010859aaa645639cf77a50e05397ea7db044e,0.0,0.0,38.8810917,0.0,0.0,0.0,0.0,-77.0723,0.0,0.0,0.0,0.0,0.0,0.0,0.0,0.0,0.0,0.0,Pierre Charles L'Enfant Gravesite,0.0,1,0.0,0.0,0.0,0.0,0.0,0.0,ChIJcWLwlfG2t4kRzPEVG46pD-s,0.0,0.0,0.0,,,0.0,0.0,0.0,0.0,0.0,0.0,0.0,0.0,0.0,0.0,0.0,0.0,0.0,0.0,0.0,0.0,0.0,0.0,0.0,Arlington,0.0
43,0.0,0.0,0.0,0.0,0.0,0.0,0.0,0.0,0.0,0.0,0.0,0.0,0.0,0.0,0.0,0.0,0.0,0.0,0.0,0.0,0.0,1.0,0.0,0.0,0.0,0.0,0.0,0.0,0.0,0.0,0.0,0.0,0.0,0.0,0.0,0.0,0.0,0.0,0.0,0.0,0.0,0.0,0.0,0.0,0.0,0.0,688a4544d03d573cfe43e22be2984c24f9103767,0.0,0.0,38.8763871,0.0,0.0,0.0,0.0,-77.0688548,0.0,0.0,0.0,0.0,0.0,0.0,0.0,0.0,0.0,0.0,Gravesite of Col Marion Chambers USMC; MOH Recipient; SigEp DC Alpha Alumnus,0.0,0,0.0,0.0,0.0,0.0,0.0,0.0,ChIJCxECd--2t4kRr3ZTdbv6J-k,0.0,0.0,0.0,,,0.0,0.0,0.0,0.0,0.0,0.0,0.0,0.0,0.0,0.0,0.0,0.0,0.0,0.0,0.0,0.0,0.0,0.0,0.0,"Grant Drive, Arlington",0.0
44,0.0,0.0,0.0,0.0,0.0,0.0,0.0,0.0,0.0,0.0,0.0,0.0,0.0,0.0,0.0,0.0,0.0,0.0,0.0,0.0,0.0,1.0,0.0,0.0,0.0,0.0,0.0,0.0,0.0,0.0,0.0,0.0,0.0,0.0,0.0,0.0,0.0,0.0,0.0,0.0,0.0,0.0,0.0,0.0,0.0,0.0,71726f907a9f4d431292554213415b01469a17a9,0.0,0.0,38.8812804,0.0,0.0,0.0,0.0,-76.9805625,0.0,0.0,0.0,0.0,0.0,0.0,0.0,0.0,0.0,0.0,Congressional Cemetery,0.0,1,0.0,0.0,0.0,0.0,0.0,0.0,ChIJpWYGbU24t4kRbOzR8Hg39Us,0.0,0.0,0.0,,4.3,0.0,0.0,0.0,0.0,0.0,0.0,0.0,0.0,0.0,0.0,0.0,0.0,0.0,0.0,0.0,0.0,0.0,0.0,0.0,"1801 E Street Southeast, Washington",0.0
45,0.0,0.0,0.0,0.0,0.0,0.0,0.0,0.0,0.0,0.0,0.0,0.0,0.0,0.0,0.0,0.0,0.0,0.0,0.0,0.0,0.0,1.0,0.0,0.0,0.0,0.0,0.0,0.0,0.0,0.0,0.0,0.0,0.0,0.0,0.0,0.0,0.0,0.0,0.0,0.0,0.0,0.0,0.0,0.0,0.0,0.0,d9f35af307465719ccafb1ab6bd84a2d42e0a128,0.0,0.0,38.8718721,0.0,0.0,0.0,0.0,-77.0969788,0.0,0.0,0.0,0.0,0.0,0.0,0.0,0.0,0.0,0.0,Columbia Gardens Cemetery,0.0,0,0.0,0.0,0.0,0.0,0.0,0.0,ChIJWYZtCp-2t4kRQC6TRlWfVg4,0.0,0.0,0.0,,,0.0,0.0,0.0,0.0,0.0,0.0,0.0,0.0,0.0,0.0,0.0,0.0,0.0,0.0,0.0,0.0,0.0,0.0,0.0,"3411 Arlington Boulevard, Arlington",0.0
46,0.0,0.0,0.0,0.0,0.0,0.0,0.0,0.0,0.0,0.0,0.0,0.0,0.0,0.0,0.0,0.0,0.0,0.0,0.0,0.0,0.0,1.0,0.0,0.0,0.0,0.0,0.0,0.0,0.0,0.0,0.0,0.0,0.0,0.0,0.0,0.0,0.0,0.0,0.0,0.0,0.0,0.0,0.0,0.0,0.0,0.0,42992110db3a7510f123dfd30e71c163575bc5d2,0.0,0.0,38.8728282,0.0,0.0,0.0,0.0,-77.0610623,0.0,0.0,0.0,0.0,0.0,0.0,0.0,0.0,0.0,0.0,Patton Circle,0.0,0,0.0,0.0,0.0,0.0,0.0,0.0,ChIJC_WiXuG2t4kRo7wocsxcq0o,0.0,0.0,0.0,,,0.0,0.0,0.0,0.0,0.0,0.0,0.0,0.0,0.0,0.0,0.0,0.0,0.0,0.0,0.0,0.0,0.0,0.0,0.0,"Patton Circle, Arlington",0.0
47,0.0,0.0,0.0,0.0,0.0,0.0,0.0,0.0,0.0,0.0,0.0,0.0,0.0,0.0,0.0,0.0,0.0,0.0,0.0,0.0,0.0,1.0,0.0,0.0,0.0,0.0,0.0,0.0,0.0,0.0,0.0,0.0,0.0,0.0,0.0,0.0,0.0,0.0,0.0,0.0,0.0,0.0,0.0,0.0,0.0,0.0,b7e90f6574393b31aa06996eee8320b4b652ada4,0.0,0.0,38.8636436,0.0,0.0,0.0,0.0,-77.1261673,0.0,0.0,0.0,0.0,0.0,0.0,0.0,0.0,0.0,0.0,Ball-Carlin Family Graveyard,0.0,0,0.0,0.0,0.0,0.0,0.0,0.0,ChIJzbMTyHK0t4kR473Vh4MdC9o,0.0,0.0,0.0,,,0.0,0.0,0.0,0.0,0.0,0.0,0.0,0.0,0.0,0.0,0.0,0.0,0.0,0.0,0.0,0.0,0.0,0.0,0.0,Arlington,0.0
48,0.0,0.0,0.0,0.0,0.0,0.0,0.0,0.0,0.0,0.0,0.0,0.0,0.0,0.0,0.0,0.0,0.0,0.0,0.0,0.0,0.0,1.0,0.0,0.0,0.0,0.0,0.0,0.0,0.0,0.0,0.0,0.0,0.0,0.0,0.0,0.0,0.0,0.0,0.0,0.0,0.0,0.0,0.0,0.0,0.0,0.0,d310fa6d30b7129a2de26ee3b19f2a31259c6358,0.0,0.0,38.862725,0.0,0.0,0.0,0.0,-76.945059,0.0,0.0,0.0,0.0,0.0,0.0,0.0,0.0,0.0,0.0,Cedar Hill Corporation,0.0,0,0.0,0.0,0.0,0.0,0.0,0.0,ChIJx9YW-BO5t4kRk-x0F08h2Ug,0.0,0.0,0.0,,,0.0,0.0,0.0,0.0,0.0,0.0,0.0,0.0,0.0,0.0,0.0,0.0,0.0,0.0,0.0,0.0,0.0,0.0,0.0,"4000 Suitland Road, Suitland",0.0
49,0.0,0.0,0.0,0.0,0.0,0.0,0.0,0.0,0.0,0.0,0.0,0.0,0.0,0.0,0.0,0.0,0.0,0.0,0.0,0.0,0.0,1.0,0.0,0.0,0.0,0.0,0.0,0.0,0.0,0.0,0.0,0.0,0.0,0.0,0.0,0.0,0.0,0.0,0.0,0.0,0.0,0.0,0.0,0.0,0.0,0.0,df45074ff7d153d4c0cadc7d57eb28df98e3d0cd,0.0,0.0,38.8607362,0.0,0.0,0.0,0.0,-76.9398195,0.0,0.0,0.0,0.0,0.0,0.0,0.0,0.0,0.0,0.0,Cedar Hill Cemetery,0.0,1,0.0,0.0,0.0,0.0,0.0,0.0,ChIJuSeeBz65t4kRTFO0Eow7p10,0.0,0.0,0.0,,,0.0,0.0,0.0,0.0,0.0,0.0,0.0,0.0,0.0,0.0,0.0,0.0,0.0,0.0,0.0,0.0,0.0,0.0,0.0,"4111 Pennsylvania Avenue, Suitland",0.0
50,0.0,0.0,0.0,0.0,0.0,0.0,0.0,0.0,0.0,0.0,0.0,0.0,0.0,0.0,0.0,0.0,0.0,0.0,0.0,0.0,0.0,1.0,0.0,0.0,0.0,0.0,0.0,0.0,0.0,0.0,0.0,0.0,0.0,0.0,0.0,0.0,0.0,0.0,0.0,0.0,0.0,0.0,0.0,0.0,0.0,0.0,d310fa6d30b7129a2de26ee3b19f2a31259c6358,0.0,0.0,38.862725,0.0,0.0,0.0,0.0,-76.945059,0.0,0.0,0.0,0.0,0.0,0.0,0.0,0.0,0.0,0.0,Cedar Hill Corporation,0.0,0,0.0,0.0,0.0,0.0,0.0,0.0,ChIJx9YW-BO5t4kRk-x0F08h2Ug,0.0,0.0,0.0,,,0.0,0.0,0.0,0.0,0.0,0.0,0.0,0.0,0.0,0.0,0.0,0.0,0.0,0.0,0.0,0.0,0.0,0.0,0.0,"4000 Suitland Road, Suitland",0.0
51,0.0,0.0,0.0,0.0,0.0,0.0,0.0,0.0,0.0,0.0,0.0,0.0,0.0,0.0,0.0,0.0,0.0,0.0,0.0,0.0,0.0,1.0,0.0,0.0,0.0,0.0,0.0,0.0,0.0,0.0,0.0,0.0,0.0,0.0,0.0,0.0,0.0,0.0,0.0,0.0,0.0,0.0,0.0,0.0,0.0,0.0,86e08103c695f560f96fea9c53e50bb2d05c731b,0.0,0.0,38.8515013,0.0,0.0,0.0,0.0,-77.0991451,0.0,0.0,0.0,0.0,0.0,0.0,0.0,0.0,0.0,0.0,Deuterman Family Graveyard,0.0,0,0.0,0.0,0.0,0.0,0.0,0.0,ChIJn3aj01Sxt4kRGQgHFCvGXhU,0.0,0.0,0.0,,,0.0,0.0,0.0,0.0,0.0,0.0,0.0,0.0,0.0,0.0,0.0,0.0,0.0,0.0,0.0,0.0,0.0,0.0,0.0,Arlington,0.0
52,0.0,0.0,0.0,0.0,0.0,0.0,0.0,0.0,0.0,0.0,0.0,0.0,0.0,0.0,0.0,0.0,0.0,0.0,0.0,0.0,0.0,1.0,0.0,0.0,0.0,0.0,0.0,0.0,0.0,0.0,0.0,0.0,0.0,0.0,0.0,0.0,0.0,0.0,0.0,0.0,0.0,0.0,0.0,0.0,0.0,0.0,25407c1d14191b1ed3c541d962076253bd786eb1,0.0,0.0,38.8526676,0.0,0.0,0.0,0.0,-76.9781416,0.0,0.0,0.0,0.0,0.0,0.0,0.0,0.0,0.0,0.0,Rosewood Cemetery,0.0,0,0.0,0.0,0.0,0.0,0.0,0.0,ChIJ2fAF25C5t4kRrqYfhLPGEr4,0.0,0.0,0.0,,,0.0,0.0,0.0,0.0,0.0,0.0,0.0,0.0,0.0,0.0,0.0,0.0,0.0,0.0,0.0,0.0,0.0,0.0,0.0,Washington,0.0
53,0.0,0.0,0.0,0.0,0.0,0.0,0.0,0.0,0.0,0.0,0.0,0.0,0.0,0.0,0.0,0.0,0.0,0.0,0.0,0.0,0.0,1.0,0.0,0.0,0.0,0.0,0.0,0.0,0.0,0.0,0.0,0.0,0.0,0.0,0.0,0.0,0.0,0.0,0.0,0.0,0.0,0.0,0.0,0.0,0.0,0.0,25407c1d14191b1ed3c541d962076253bd786eb1,0.0,0.0,38.8526676,0.0,0.0,0.0,0.0,-76.9781416,0.0,0.0,0.0,0.0,0.0,0.0,0.0,0.0,0.0,0.0,Rosewood Cemetery,0.0,0,0.0,0.0,0.0,0.0,0.0,0.0,ChIJ2fAF25C5t4kRrqYfhLPGEr4,0.0,0.0,0.0,,,0.0,0.0,0.0,0.0,0.0,0.0,0.0,0.0,0.0,0.0,0.0,0.0,0.0,0.0,0.0,0.0,0.0,0.0,0.0,Washington,0.0
54,0.0,0.0,0.0,0.0,0.0,0.0,0.0,0.0,0.0,0.0,0.0,0.0,0.0,0.0,0.0,0.0,0.0,0.0,0.0,0.0,0.0,1.0,0.0,0.0,0.0,0.0,0.0,0.0,0.0,0.0,0.0,0.0,0.0,0.0,0.0,0.0,0.0,0.0,0.0,0.0,0.0,0.0,0.0,0.0,0.0,0.0,61d035c6855906770f85a7fa8398f9c3b6b4fbe3,0.0,0.0,38.8560156,0.0,0.0,0.0,0.0,-76.9491826,0.0,0.0,0.0,0.0,0.0,0.0,0.0,0.0,0.0,0.0,Lincoln Memorial Cemetery,0.0,1,0.0,0.0,0.0,0.0,0.0,0.0,ChIJxTP89xO5t4kRJzrKXekVYdY,0.0,0.0,0.0,,4.5,0.0,0.0,0.0,0.0,0.0,0.0,0.0,0.0,0.0,0.0,0.0,0.0,0.0,0.0,0.0,0.0,0.0,0.0,0.0,"4001 Suitland Road, Suitland",0.0
55,0.0,0.0,0.0,0.0,0.0,0.0,0.0,0.0,0.0,0.0,0.0,0.0,0.0,0.0,0.0,0.0,0.0,0.0,0.0,0.0,0.0,1.0,0.0,0.0,0.0,0.0,0.0,0.0,0.0,0.0,0.0,0.0,0.0,0.0,0.0,0.0,0.0,0.0,0.0,0.0,0.0,0.0,0.0,0.0,0.0,0.0,28f04a0ad43c9f633ac9d83ecfab43c2b0e52809,0.0,0.0,38.857323,0.0,0.0,0.0,0.0,-76.9435431,0.0,0.0,0.0,0.0,0.0,0.0,0.0,0.0,0.0,0.0,Washington National Cemetery,0.0,1,0.0,0.0,0.0,0.0,0.0,0.0,ChIJJa8WqBW5t4kRvn3SdFTcvxU,0.0,0.0,0.0,,,0.0,0.0,0.0,0.0,0.0,0.0,0.0,0.0,0.0,0.0,0.0,0.0,0.0,0.0,0.0,0.0,0.0,0.0,0.0,"4101 Suitland Road, Suitland",0.0
56,0.0,0.0,0.0,0.0,0.0,0.0,0.0,0.0,0.0,0.0,0.0,0.0,0.0,0.0,0.0,0.0,0.0,0.0,0.0,0.0,0.0,1.0,0.0,0.0,0.0,0.0,0.0,0.0,0.0,0.0,0.0,0.0,0.0,0.0,0.0,0.0,0.0,0.0,0.0,0.0,0.0,0.0,0.0,0.0,0.0,0.0,c44d10238b52251ce35f5cf662eaa3656a1690af,0.0,0.0,38.8475218,0.0,0.0,0.0,0.0,-77.0820963,0.0,0.0,0.0,0.0,0.0,0.0,0.0,0.0,0.0,0.0,Lomax Cemetery,0.0,0,0.0,0.0,0.0,0.0,0.0,0.0,ChIJa5Ke_kqxt4kR-6EBD2jzCrU,0.0,0.0,0.0,,,0.0,0.0,0.0,0.0,0.0,0.0,0.0,0.0,0.0,0.0,0.0,0.0,0.0,0.0,0.0,0.0,0.0,0.0,0.0,Arlington,0.0
57,0.0,0.0,0.0,0.0,0.0,0.0,0.0,0.0,0.0,0.0,0.0,0.0,0.0,0.0,0.0,0.0,0.0,0.0,0.0,0.0,0.0,1.0,0.0,0.0,0.0,0.0,0.0,0.0,0.0,0.0,0.0,0.0,0.0,0.0,0.0,0.0,0.0,0.0,0.0,0.0,0.0,0.0,0.0,0.0,0.0,0.0,c44d10238b52251ce35f5cf662eaa3656a1690af,0.0,0.0,38.8475218,0.0,0.0,0.0,0.0,-77.0820963,0.0,0.0,0.0,0.0,0.0,0.0,0.0,0.0,0.0,0.0,Lomax Cemetery,0.0,0,0.0,0.0,0.0,0.0,0.0,0.0,ChIJa5Ke_kqxt4kR-6EBD2jzCrU,0.0,0.0,0.0,,,0.0,0.0,0.0,0.0,0.0,0.0,0.0,0.0,0.0,0.0,0.0,0.0,0.0,0.0,0.0,0.0,0.0,0.0,0.0,Arlington,0.0
58,0.0,0.0,0.0,0.0,0.0,0.0,0.0,0.0,0.0,0.0,0.0,0.0,0.0,0.0,0.0,0.0,0.0,0.0,0.0,0.0,0.0,1.0,0.0,0.0,0.0,0.0,0.0,0.0,0.0,0.0,0.0,0.0,0.0,0.0,0.0,0.0,0.0,0.0,0.0,0.0,0.0,0.0,0.0,0.0,0.0,0.0,b24b0f0fa60029a22a6ef31651fe9713b89a7330,0.0,0.0,38.8489373,0.0,0.0,0.0,0.0,-76.9844661,0.0,0.0,0.0,0.0,0.0,0.0,0.0,0.0,0.0,0.0,Elesavetgrad Cemetery,0.0,1,0.0,0.0,0.0,0.0,0.0,0.0,ChIJK1q6b425t4kRLAwO3omgJT0,0.0,0.0,0.0,,,0.0,0.0,0.0,0.0,0.0,0.0,0.0,0.0,0.0,0.0,0.0,0.0,0.0,0.0,0.0,0.0,0.0,0.0,0.0,Washington,0.0
59,0.0,0.0,0.0,0.0,0.0,0.0,0.0,0.0,0.0,0.0,0.0,0.0,0.0,0.0,0.0,0.0,0.0,0.0,0.0,0.0,0.0,1.0,0.0,0.0,0.0,0.0,0.0,0.0,0.0,0.0,0.0,0.0,0.0,0.0,0.0,0.0,0.0,0.0,0.0,0.0,0.0,0.0,0.0,0.0,0.0,0.0,578d0d694ec5970243040e684c2b383a411a8b92,0.0,0.0,38.846957,0.0,0.0,0.0,0.0,-76.9855477,0.0,0.0,0.0,0.0,0.0,0.0,0.0,0.0,0.0,0.0,Washington Hebrew Congregation Cemetery,0.0,0,0.0,0.0,0.0,0.0,0.0,0.0,ChIJI7clG425t4kRnel-BjriM7I,0.0,0.0,0.0,,,0.0,0.0,0.0,0.0,0.0,0.0,0.0,0.0,0.0,0.0,0.0,0.0,0.0,0.0,0.0,0.0,0.0,0.0,0.0,"1380 Alabama Avenue Southeast, Washington",0.0
60,0.0,0.0,0.0,0.0,0.0,0.0,0.0,0.0,0.0,0.0,0.0,0.0,0.0,0.0,0.0,0.0,0.0,0.0,0.0,0.0,0.0,1.0,0.0,0.0,0.0,0.0,0.0,0.0,0.0,0.0,0.0,0.0,0.0,0.0,0.0,0.0,0.0,0.0,0.0,0.0,0.0,0.0,0.0,0.0,0.0,0.0,3692733ab95b09e6cce6459db7893401ee150caa,0.0,0.0,38.8495571,0.0,0.0,0.0,0.0,-76.986642,0.0,0.0,0.0,0.0,0.0,0.0,0.0,0.0,0.0,0.0,Saint Elizabeths Hospital Cemeteries,0.0,1,0.0,0.0,0.0,0.0,0.0,0.0,ChIJMe6eqJK5t4kRiQxDFTIsnkQ,0.0,0.0,0.0,,,0.0,0.0,0.0,0.0,0.0,0.0,0.0,0.0,0.0,0.0,0.0,0.0,0.0,0.0,0.0,0.0,0.0,0.0,0.0,Washington,0.0
61,0.0,0.0,0.0,0.0,0.0,0.0,0.0,0.0,0.0,0.0,0.0,0.0,0.0,0.0,0.0,0.0,0.0,0.0,0.0,0.0,0.0,1.0,0.0,0.0,0.0,0.0,0.0,0.0,0.0,0.0,0.0,0.0,0.0,0.0,0.0,0.0,0.0,0.0,0.0,0.0,0.0,0.0,0.0,0.0,0.0,0.0,c25a2c7185f3ae65d5b96c351a756c5455f37554,0.0,0.0,38.8168702,0.0,0.0,0.0,0.0,-77.0744264,0.0,0.0,0.0,0.0,0.0,0.0,0.0,0.0,0.0,0.0,Ivy Hill Cemetery,0.0,1,0.0,0.0,0.0,0.0,0.0,0.0,ChIJOXKUAw6xt4kRmCwArCElDoQ,0.0,0.0,0.0,,,0.0,0.0,0.0,0.0,0.0,0.0,0.0,0.0,0.0,0.0,0.0,0.0,0.0,0.0,0.0,0.0,0.0,0.0,0.0,"2823 King Street, Alexandria",0.0
62,0.0,0.0,0.0,0.0,0.0,0.0,0.0,0.0,0.0,0.0,0.0,0.0,0.0,0.0,0.0,0.0,0.0,0.0,0.0,0.0,0.0,1.0,0.0,0.0,0.0,0.0,0.0,0.0,0.0,0.0,0.0,0.0,0.0,0.0,0.0,0.0,0.0,0.0,0.0,0.0,0.0,0.0,0.0,0.0,0.0,0.0,323a1d65cad960210643990774588780e6a9b2de,0.0,0.0,38.8188537,0.0,0.0,0.0,0.0,-76.9598268,0.0,0.0,0.0,0.0,0.0,0.0,0.0,0.0,0.0,0.0,Saint Barnabus Cemetery,0.0,0,0.0,0.0,0.0,0.0,0.0,0.0,ChIJWYYDx8u7t4kRuWFQoQ7Wxqk,0.0,0.0,0.0,,,0.0,0.0,0.0,0.0,0.0,0.0,0.0,0.0,0.0,0.0,0.0,0.0,0.0,0.0,0.0,0.0,0.0,0.0,0.0,Marlow Heights,0.0
63,0.0,0.0,0.0,0.0,0.0,0.0,0.0,0.0,0.0,0.0,0.0,0.0,0.0,0.0,0.0,0.0,0.0,0.0,0.0,0.0,0.0,1.0,0.0,0.0,0.0,0.0,0.0,0.0,0.0,0.0,0.0,0.0,0.0,0.0,0.0,0.0,0.0,0.0,0.0,0.0,0.0,0.0,0.0,0.0,0.0,0.0,0904910d536f7a2baa690fbbb7af1857f39e9ce4,0.0,0.0,38.8152929,0.0,0.0,0.0,0.0,-76.964172,0.0,0.0,0.0,0.0,0.0,0.0,0.0,0.0,0.0,0.0,Bnai Israel Cemetery,0.0,0,0.0,0.0,0.0,0.0,0.0,0.0,ChIJ6x1FUbW7t4kR87OUqJnkZIM,0.0,0.0,0.0,,,0.0,0.0,0.0,0.0,0.0,0.0,0.0,0.0,0.0,0.0,0.0,0.0,0.0,0.0,0.0,0.0,0.0,0.0,0.0,Oxon Hill,0.0
64,0.0,0.0,0.0,0.0,0.0,0.0,0.0,0.0,0.0,0.0,0.0,0.0,0.0,0.0,0.0,0.0,0.0,0.0,0.0,0.0,0.0,1.0,0.0,0.0,0.0,0.0,0.0,0.0,0.0,0.0,0.0,0.0,0.0,0.0,0.0,0.0,0.0,0.0,0.0,0.0,0.0,0.0,0.0,0.0,0.0,0.0,df89c2701244185be85999f6360795bf92d69cb0,0.0,0.0,38.8017043,0.0,0.0,0.0,0.0,-77.0578845,0.0,0.0,0.0,0.0,0.0,0.0,0.0,0.0,0.0,0.0,Alexandria National Cemetery,0.0,1,0.0,0.0,0.0,0.0,0.0,0.0,ChIJSeRyrqyxt4kR151MsZlsW8E,0.0,0.0,0.0,,3.5,0.0,0.0,0.0,0.0,0.0,0.0,0.0,0.0,0.0,0.0,0.0,0.0,0.0,0.0,0.0,0.0,0.0,0.0,0.0,"1450 Wilkes Street, Alexandria",0.0
65,0.0,0.0,0.0,0.0,0.0,0.0,0.0,0.0,0.0,0.0,0.0,0.0,0.0,0.0,0.0,0.0,0.0,0.0,0.0,0.0,0.0,1.0,0.0,0.0,0.0,0.0,0.0,0.0,0.0,0.0,0.0,0.0,0.0,0.0,0.0,0.0,0.0,0.0,0.0,0.0,0.0,0.0,0.0,0.0,0.0,0.0,4c555f0bbb2604fba9760e072c5913ac112a0408,0.0,0.0,38.8045318,0.0,0.0,0.0,0.0,-76.9666944,0.0,0.0,0.0,0.0,0.0,0.0,0.0,0.0,0.0,0.0,St Ignatius Parish Cemetery,0.0,0,0.0,0.0,0.0,0.0,0.0,0.0,ChIJM7EpalK6t4kRjSx_vBvQ0Ic,0.0,0.0,0.0,,,0.0,0.0,0.0,0.0,0.0,0.0,0.0,0.0,0.0,0.0,0.0,0.0,0.0,0.0,0.0,0.0,0.0,0.0,0.0,"2315 Brinkley Road, Fort Washington",0.0
66,0.0,0.0,0.0,0.0,0.0,0.0,0.0,0.0,0.0,0.0,0.0,0.0,0.0,0.0,0.0,0.0,0.0,0.0,0.0,0.0,0.0,1.0,0.0,0.0,0.0,0.0,0.0,0.0,0.0,0.0,0.0,0.0,0.0,0.0,0.0,0.0,0.0,0.0,0.0,0.0,0.0,0.0,0.0,0.0,0.0,0.0,f4df44415086945a005e4ee5179142577748d0c3,0.0,0.0,38.7941421,0.0,0.0,0.0,0.0,-77.0476936,0.0,0.0,0.0,0.0,0.0,0.0,0.0,0.0,0.0,0.0,St Mary's Cemetery,0.0,0,0.0,0.0,0.0,0.0,0.0,0.0,ChIJ9zhk00-wt4kRTc-RSgSpppc,0.0,0.0,0.0,,,0.0,0.0,0.0,0.0,0.0,0.0,0.0,0.0,0.0,0.0,0.0,0.0,0.0,0.0,0.0,0.0,0.0,0.0,0.0,"1000 South Royal Street, Alexandria",0.0
67,0.0,0.0,0.0,0.0,0.0,0.0,0.0,0.0,0.0,0.0,0.0,0.0,0.0,0.0,0.0,0.0,0.0,0.0,0.0,0.0,0.0,1.0,0.0,0.0,0.0,0.0,0.0,0.0,0.0,0.0,0.0,0.0,0.0,0.0,0.0,0.0,0.0,0.0,0.0,0.0,0.0,0.0,0.0,0.0,0.0,0.0,57ba145de4e41e866679a0ae6204ac0d3fa6b294,0.0,0.0,38.7943653,0.0,0.0,0.0,0.0,-77.0461068,0.0,0.0,0.0,0.0,0.0,0.0,0.0,0.0,0.0,0.0,Saint Marys Cemetery,0.0,1,0.0,0.0,0.0,0.0,0.0,0.0,ChIJFS6C1E-wt4kRhB2tBnWOTXc,0.0,0.0,0.0,,,0.0,0.0,0.0,0.0,0.0,0.0,0.0,0.0,0.0,0.0,0.0,0.0,0.0,0.0,0.0,0.0,0.0,0.0,0.0,Alexandria,0.0
68,0.0,0.0,0.0,0.0,0.0,0.0,0.0,0.0,0.0,0.0,0.0,0.0,0.0,0.0,0.0,0.0,0.0,0.0,0.0,0.0,0.0,1.0,0.0,0.0,0.0,0.0,0.0,0.0,0.0,0.0,0.0,0.0,0.0,0.0,0.0,0.0,0.0,0.0,0.0,0.0,0.0,0.0,0.0,0.0,0.0,0.0,7f44795d9f021f8a579482ae41c98eb107ac9fb6,0.0,0.0,38.7977782,0.0,0.0,0.0,0.0,-76.9818348,0.0,0.0,0.0,0.0,0.0,0.0,0.0,0.0,0.0,0.0,Saint Pauls Cemetery,0.0,0,0.0,0.0,0.0,0.0,0.0,0.0,ChIJSSi8U1-6t4kRS4zwVSIKsrQ,0.0,0.0,0.0,,,0.0,0.0,0.0,0.0,0.0,0.0,0.0,0.0,0.0,0.0,0.0,0.0,0.0,0.0,0.0,0.0,0.0,0.0,0.0,Fort Washington,0.0
69,0.0,0.0,0.0,0.0,0.0,0.0,0.0,0.0,0.0,0.0,0.0,0.0,0.0,0.0,0.0,0.0,0.0,0.0,0.0,0.0,0.0,1.0,0.0,0.0,0.0,0.0,0.0,0.0,0.0,0.0,0.0,0.0,0.0,0.0,0.0,0.0,0.0,0.0,0.0,0.0,0.0,0.0,0.0,0.0,0.0,0.0,7f44795d9f021f8a579482ae41c98eb107ac9fb6,0.0,0.0,38.7977782,0.0,0.0,0.0,0.0,-76.9818348,0.0,0.0,0.0,0.0,0.0,0.0,0.0,0.0,0.0,0.0,Saint Pauls Cemetery,0.0,0,0.0,0.0,0.0,0.0,0.0,0.0,ChIJSSi8U1-6t4kRS4zwVSIKsrQ,0.0,0.0,0.0,,,0.0,0.0,0.0,0.0,0.0,0.0,0.0,0.0,0.0,0.0,0.0,0.0,0.0,0.0,0.0,0.0,0.0,0.0,0.0,Fort Washington,0.0
