,accounting,airport,amusement_park,aquarium,art_gallery,atm,bakery,bank,bar,beauty_salon,bicycle_store,book_store,bowling_alley,bus_station,cafe,campground,car_dealer,car_rental,car_repair,car_wash,casino,cemetery,church,city_hall,clothing_store,convenience_store,courthouse,dentist,department_store,doctor,electrician,electronics_store,embassy,fire_station,florist,food (deprecated),funeral_home,furniture_store,gas_station,grocery_or_supermarket,gym,hair_care,hardware_store,hindu_temple,home_goods_store,hospital,id,insurance_agency,jewelry_store,lat,laundry,lawyer,library,liquor_store,lng,local_government_office,locksmith,lodging,meal_delivery,meal_takeaway,mosque,movie_rental,movie_theater,moving_company,museum,name,night_club,num_photos,painter,park,parking,pet_store,pharmacy,physiotherapist,place_id,plumber,police,post_office,real_estate_agency,restaurant,roofing_contractor,rv_park,school,shoe_store,shopping_mall,spa,stadium,storage,store,subway_station,synagogue,taxi_stand,train_station,transit_station,travel_agency,university,veterinary_care,vicinity,zoo
0,0.0,0.0,0.0,0.0,0.0,0.0,0.0,0.0,0.0,0.0,0.0,0.0,0.0,0.0,0.0,0.0,0.0,0.0,0.0,0.0,0.0,0.0,0.0,0.0,0.0,0.0,0.0,0.0,0.0,0.0,0.0,0.0,0.0,1.0,0.0,0.0,0.0,0.0,0.0,0.0,0.0,0.0,0.0,0.0,0.0,0.0,bdd3b2a719c9e90b42886be3d307b2218a542f84,0.0,0.0,39.0173182,0.0,0.0,0.0,0.0,-77.0071202,0.0,0.0,0.0,0.0,0.0,0.0,0.0,0.0,0.0,0.0,Silver Spring Fire Station 16,0.0,1,0.0,0.0,0.0,0.0,0.0,0.0,ChIJ0WvMDvfFt4kR-lGwIF4PuPE,0.0,0.0,0.0,0.0,0.0,0.0,0.0,0.0,0.0,0.0,0.0,0.0,0.0,0.0,0.0,0.0,0.0,0.0,0.0,0.0,0.0,0.0,"111 University Boulevard East, Silver Spring",0.0
1,0.0,0.0,0.0,0.0,0.0,0.0,0.0,0.0,0.0,0.0,0.0,0.0,0.0,0.0,0.0,0.0,0.0,0.0,0.0,0.0,0.0,0.0,0.0,0.0,0.0,0.0,0.0,0.0,0.0,0.0,0.0,0.0,0.0,1.0,0.0,0.0,0.0,0.0,0.0,0.0,0.0,0.0,0.0,0.0,0.0,0.0,d5a02a233626c53e7738f09794020c6071b07a61,0.0,0.0,39.0173309,0.0,0.0,0.0,0.0,-77.0071538,0.0,0.0,0.0,0.0,0.0,0.0,0.0,0.0,0.0,0.0,Silver Spring Volunteer Fire,0.0,0,0.0,0.0,0.0,0.0,0.0,0.0,ChIJ0WvMDvfFt4kRlHCs78HxiPs,0.0,0.0,0.0,0.0,0.0,0.0,0.0,0.0,0.0,0.0,0.0,0.0,0.0,0.0,0.0,0.0,0.0,0.0,0.0,0.0,0.0,0.0,"111 University Boulevard East, Silver Spring",0.0
2,0.0,0.0,0.0,0.0,0.0,0.0,0.0,0.0,0.0,0.0,0.0,0.0,0.0,0.0,0.0,0.0,0.0,0.0,0.0,0.0,0.0,0.0,0.0,0.0,0.0,0.0,0.0,0.0,0.0,0.0,0.0,0.0,0.0,1.0,0.0,0.0,0.0,0.0,0.0,0.0,0.0,0.0,0.0,0.0,0.0,0.0,05999ab696181438b031e3d8e2e71a6319923e9e,0.0,0.0,39.0090366,0.0,0.0,0.0,0.0,-77.0421263,0.0,0.0,0.0,0.0,0.0,0.0,0.0,0.0,0.0,0.0,Silver Spring Fire Station 19,0.0,0,0.0,0.0,0.0,0.0,0.0,0.0,ChIJ9ZvdK83It4kRUTS4dumODKE,0.0,0.0,0.0,0.0,0.0,0.0,0.0,0.0,0.0,0.0,0.0,0.0,0.0,0.0,0.0,0.0,0.0,0.0,0.0,0.0,0.0,0.0,"1945 Seminary Road, Silver Spring",0.0
3,0.0,0.0,0.0,0.0,0.0,0.0,0.0,0.0,0.0,0.0,0.0,0.0,0.0,0.0,0.0,0.0,0.0,0.0,0.0,0.0,0.0,0.0,0.0,0.0,0.0,0.0,0.0,0.0,0.0,0.0,0.0,0.0,0.0,1.0,0.0,0.0,0.0,0.0,0.0,0.0,0.0,0.0,0.0,0.0,0.0,0.0,9c9c080ca08fccdc57fc5c49a0621c484b837ba1,0.0,0.0,39.0090366,0.0,0.0,0.0,0.0,-77.0421263,0.0,0.0,0.0,0.0,0.0,0.0,0.0,0.0,0.0,0.0,Silver Spring Volunteer Fire Department,0.0,0,0.0,0.0,0.0,0.0,0.0,0.0,ChIJ9ZvdK83It4kRr9f18DfXoT4,0.0,0.0,0.0,0.0,0.0,0.0,0.0,0.0,0.0,0.0,0.0,0.0,0.0,0.0,0.0,0.0,0.0,0.0,0.0,0.0,0.0,0.0,"1945 Seminary Road, Silver Spring",0.0
4,0.0,0.0,0.0,0.0,0.0,0.0,0.0,0.0,0.0,0.0,0.0,0.0,0.0,0.0,0.0,0.0,0.0,0.0,0.0,0.0,0.0,0.0,0.0,0.0,0.0,0.0,0.0,0.0,0.0,0.0,0.0,0.0,0.0,1.0,0.0,0.0,0.0,0.0,0.0,0.0,0.0,0.0,0.0,0.0,0.0,0.0,2e9e080ae41872c07842cc71608ea2a80536cf6a,0.0,0.0,38.9908762,0.0,0.0,0.0,0.0,-77.0270732,0.0,0.0,0.0,0.0,0.0,0.0,0.0,0.0,0.0,0.0,Silver Spring Fire Station,0.0,1,0.0,0.0,0.0,0.0,0.0,0.0,ChIJg9xSO7zIt4kR9x4omCKkApA,0.0,0.0,0.0,0.0,0.0,0.0,0.0,0.0,0.0,0.0,0.0,0.0,0.0,0.0,0.0,0.0,0.0,0.0,0.0,0.0,0.0,0.0,"8110 Georgia Avenue, Silver Spring",0.0
5,0.0,0.0,0.0,0.0,0.0,0.0,0.0,0.0,0.0,0.0,0.0,0.0,0.0,0.0,0.0,0.0,0.0,0.0,0.0,0.0,0.0,0.0,0.0,0.0,0.0,0.0,0.0,0.0,0.0,0.0,0.0,0.0,0.0,1.0,0.0,0.0,0.0,0.0,0.0,0.0,0.0,0.0,0.0,0.0,0.0,0.0,2e9e080ae41872c07842cc71608ea2a80536cf6a,0.0,0.0,38.9908762,0.0,0.0,0.0,0.0,-77.0270732,0.0,0.0,0.0,0.0,0.0,0.0,0.0,0.0,0.0,0.0,Silver Spring Fire Station,0.0,1,0.0,0.0,0.0,0.0,0.0,0.0,ChIJg9xSO7zIt4kR9x4omCKkApA,0.0,0.0,0.0,0.0,0.0,0.0,0.0,0.0,0.0,0.0,0.0,0.0,0.0,0.0,0.0,0.0,0.0,0.0,0.0,0.0,0.0,0.0,"8110 Georgia Avenue, Silver Spring",0.0
6,0.0,0.0,0.0,0.0,0.0,0.0,0.0,0.0,0.0,0.0,0.0,0.0,0.0,0.0,0.0,0.0,0.0,0.0,0.0,0.0,0.0,0.0,0.0,0.0,0.0,0.0,0.0,0.0,0.0,0.0,0.0,0.0,0.0,1.0,0.0,0.0,0.0,0.0,0.0,0.0,0.0,0.0,0.0,0.0,0.0,0.0,a114c1f1b0de1fcca0689da799cc6252bf77912d,0.0,0.0,38.9849717,0.0,0.0,0.0,0.0,-76.9776609,0.0,0.0,0.0,0.0,0.0,0.0,0.0,0.0,0.0,0.0,Chillum-Adelphi Volunteer Fire Department,0.0,0,0.0,0.0,0.0,0.0,0.0,0.0,ChIJ-z8t8GjGt4kRcY-5Ru3WJlg,0.0,0.0,0.0,0.0,0.0,0.0,0.0,0.0,0.0,0.0,0.0,0.0,0.0,0.0,0.0,0.0,0.0,0.0,0.0,0.0,0.0,0.0,"7833 Riggs Road, Hyattsville",0.0
7,0.0,0.0,0.0,0.0,0.0,0.0,0.0,0.0,0.0,0.0,0.0,0.0,0.0,0.0,0.0,0.0,0.0,0.0,0.0,0.0,0.0,0.0,0.0,0.0,0.0,0.0,0.0,0.0,0.0,0.0,0.0,0.0,0.0,1.0,0.0,0.0,0.0,0.0,0.0,0.0,0.0,0.0,0.0,0.0,0.0,0.0,a114c1f1b0de1fcca0689da799cc6252bf77912d,0.0,0.0,38.9849717,0.0,0.0,0.0,0.0,-76.9776609,0.0,0.0,0.0,0.0,0.0,0.0,0.0,0.0,0.0,0.0,Chillum-Adelphi Volunteer Fire Department,0.0,0,0.0,0.0,0.0,0.0,0.0,0.0,ChIJ-z8t8GjGt4kRcY-5Ru3WJlg,0.0,0.0,0.0,0.0,0.0,0.0,0.0,0.0,0.0,0.0,0.0,0.0,0.0,0.0,0.0,0.0,0.0,0.0,0.0,0.0,0.0,0.0,"7833 Riggs Road, Hyattsville",0.0
8,0.0,0.0,0.0,0.0,0.0,0.0,0.0,0.0,0.0,0.0,0.0,0.0,0.0,0.0,0.0,0.0,0.0,0.0,0.0,0.0,0.0,0.0,0.0,0.0,0.0,0.0,0.0,0.0,0.0,0.0,0.0,0.0,0.0,1.0,0.0,0.0,0.0,0.0,0.0,0.0,0.0,0.0,0.0,0.0,0.0,0.0,eef5563499a2af5f7166183140d792563d008f97,0.0,0.0,38.9732233,0.0,0.0,0.0,0.0,-76.947022,0.0,0.0,0.0,0.0,0.0,0.0,0.0,0.0,0.0,0.0,Affirmed Fire Protection Co,0.0,0,0.0,0.0,0.0,0.0,0.0,0.0,ChIJ_____1PGt4kRfbCeUW-dZLs,0.0,0.0,0.0,0.0,0.0,0.0,0.0,0.0,0.0,0.0,0.0,0.0,0.0,0.0,0.0,0.0,0.0,0.0,0.0,0.0,0.0,0.0,West Hyattsville,0.0
9,0.0,0.0,0.0,0.0,0.0,0.0,0.0,0.0,0.0,0.0,0.0,0.0,0.0,0.0,0.0,0.0,0.0,0.0,0.0,0.0,0.0,0.0,0.0,0.0,0.0,0.0,0.0,0.0,0.0,0.0,0.0,0.0,0.0,1.0,0.0,0.0,0.0,0.0,0.0,0.0,0.0,0.0,0.0,0.0,0.0,0.0,b6f7de29092ed3f12483fd0f784ce6e6bd52c99c,0.0,0.0,38.9677926,0.0,0.0,0.0,0.0,-76.9871943,0.0,0.0,0.0,0.0,0.0,0.0,0.0,0.0,0.0,0.0,Chillum Fire Department Company 44,0.0,0,0.0,0.0,0.0,0.0,0.0,0.0,ChIJ-0V7_knGt4kRdDVdYOL16WA,0.0,0.0,0.0,0.0,0.0,0.0,0.0,0.0,0.0,0.0,0.0,0.0,0.0,0.0,0.0,0.0,0.0,0.0,0.0,0.0,0.0,0.0,Hyattsville,0.0
10,0.0,0.0,0.0,0.0,0.0,0.0,0.0,0.0,0.0,0.0,0.0,0.0,0.0,0.0,0.0,0.0,0.0,0.0,0.0,0.0,0.0,0.0,0.0,0.0,0.0,0.0,0.0,0.0,0.0,0.0,0.0,0.0,0.0,1.0,0.0,0.0,0.0,0.0,0.0,0.0,0.0,0.0,0.0,0.0,0.0,0.0,9c424a5560201331fdef5f131713e81a641a241d,0.0,0.0,38.9638518,0.0,0.0,0.0,0.0,-76.9526512,0.0,0.0,0.0,0.0,0.0,0.0,0.0,0.0,0.0,0.0,Hyattsville Volunteer Fire Department,0.0,1,0.0,0.0,0.0,0.0,0.0,0.0,ChIJ2SXuquTGt4kRMayVKMdTog8,0.0,0.0,0.0,0.0,0.0,0.0,0.0,0.0,0.0,0.0,0.0,0.0,0.0,0.0,0.0,0.0,0.0,0.0,0.0,0.0,0.0,0.0,"6200 Belcrest Road #1, Hyattsville",0.0
11,0.0,0.0,0.0,0.0,0.0,0.0,0.0,0.0,0.0,0.0,0.0,0.0,0.0,0.0,0.0,0.0,0.0,0.0,0.0,0.0,0.0,0.0,0.0,0.0,0.0,0.0,0.0,0.0,0.0,0.0,0.0,0.0,0.0,1.0,0.0,0.0,0.0,0.0,0.0,0.0,0.0,0.0,0.0,0.0,0.0,0.0,ec0224e01840a4031e7afb86fa81cf213e0365de,0.0,0.0,38.9600199,0.0,0.0,0.0,0.0,-77.0283556,0.0,0.0,0.0,0.0,0.0,0.0,0.0,0.0,0.0,0.0,Washington Fire Deptartment,0.0,0,0.0,0.0,0.0,0.0,0.0,0.0,ChIJoajummbIt4kRt-TjO35uVQM,0.0,0.0,0.0,0.0,0.0,0.0,0.0,0.0,0.0,0.0,0.0,0.0,0.0,0.0,0.0,0.0,0.0,0.0,0.0,0.0,0.0,0.0,"5760 Georgia Avenue Northwest, Washington",0.0
12,0.0,0.0,0.0,0.0,0.0,0.0,0.0,0.0,0.0,0.0,0.0,0.0,0.0,0.0,0.0,0.0,0.0,0.0,0.0,0.0,0.0,0.0,0.0,0.0,0.0,0.0,0.0,0.0,0.0,0.0,0.0,0.0,0.0,1.0,0.0,0.0,0.0,0.0,0.0,0.0,0.0,0.0,0.0,0.0,0.0,0.0,dc34d8d112653d15df7a5c36794eeefe31971175,0.0,0.0,38.9625755,0.0,0.0,0.0,0.0,-76.9330494,0.0,0.0,0.0,0.0,0.0,0.0,0.0,0.0,0.0,0.0,Riverdale Fire Department,0.0,0,0.0,0.0,0.0,0.0,0.0,0.0,ChIJuXm2y9vGt4kRsgA6kjTqQaM,0.0,0.0,0.0,0.0,0.0,0.0,0.0,0.0,0.0,0.0,0.0,0.0,0.0,0.0,0.0,0.0,0.0,0.0,0.0,0.0,0.0,0.0,"4714 Queensbury Road, Riverdale",0.0
13,0.0,0.0,0.0,0.0,0.0,0.0,0.0,0.0,0.0,0.0,0.0,0.0,0.0,0.0,0.0,0.0,0.0,0.0,0.0,0.0,0.0,0.0,0.0,0.0,0.0,0.0,0.0,0.0,0.0,0.0,0.0,0.0,0.0,1.0,0.0,0.0,0.0,0.0,0.0,0.0,0.0,0.0,0.0,0.0,0.0,0.0,dc1f30419c3df8274655cc45bb7ee746ec0e0981,0.0,0.0,38.9542381,0.0,0.0,0.0,0.0,-77.0697157,0.0,0.0,0.0,0.0,0.0,0.0,0.0,0.0,0.0,0.0,Washington DC Fire & EMS Station,0.0,0,0.0,0.0,0.0,0.0,0.0,0.0,ChIJFe1DuLnJt4kR5uD3uXzOYW8,0.0,0.0,0.0,0.0,0.0,0.0,0.0,0.0,0.0,0.0,0.0,0.0,0.0,0.0,0.0,0.0,0.0,0.0,0.0,0.0,0.0,0.0,"4930 Connecticut Avenue Northwest, Washington",0.0
14,0.0,0.0,0.0,0.0,0.0,0.0,0.0,0.0,0.0,0.0,0.0,0.0,0.0,0.0,0.0,0.0,0.0,0.0,0.0,0.0,0.0,0.0,0.0,0.0,0.0,0.0,0.0,0.0,0.0,0.0,0.0,0.0,0.0,1.0,0.0,0.0,0.0,0.0,0.0,0.0,0.0,0.0,0.0,0.0,0.0,0.0,b5b56fbf3773e7b617e52e96189af4319763c801,0.0,0.0,38.9542663,0.0,0.0,0.0,0.0,-77.0699015,0.0,0.0,0.0,0.0,0.0,0.0,0.0,0.0,0.0,0.0,DCFD Engine 31,0.0,0,0.0,0.0,0.0,0.0,0.0,0.0,ChIJ8c4Lt7nJt4kRMEYoMywx2f4,0.0,0.0,0.0,0.0,0.0,0.0,0.0,0.0,0.0,0.0,0.0,0.0,0.0,0.0,0.0,0.0,0.0,0.0,0.0,0.0,0.0,0.0,"4930 Connecticut Avenue Northwest, Washington",0.0
15,0.0,0.0,0.0,0.0,0.0,0.0,0.0,0.0,0.0,0.0,0.0,0.0,0.0,0.0,0.0,0.0,0.0,0.0,0.0,0.0,0.0,0.0,0.0,0.0,0.0,0.0,0.0,0.0,0.0,0.0,0.0,0.0,0.0,1.0,0.0,0.0,0.0,0.0,0.0,0.0,0.0,0.0,0.0,0.0,0.0,0.0,bbf6cd770d0c7f8ac94d9fda94cf94f1d5aba520,0.0,0.0,38.9520659,0.0,0.0,0.0,0.0,-77.0270647,0.0,0.0,0.0,0.0,0.0,0.0,0.0,0.0,0.0,0.0,Washington DC Fire Department,0.0,0,0.0,0.0,0.0,0.0,0.0,0.0,ChIJn_X0sW7It4kR6gFi2EHLyS4,0.0,0.0,0.0,0.0,0.0,0.0,0.0,0.0,0.0,0.0,0.0,0.0,0.0,0.0,0.0,0.0,0.0,0.0,0.0,0.0,0.0,0.0,"5101 Georgia Avenue Northwest, Washington",0.0
16,0.0,0.0,0.0,0.0,0.0,0.0,0.0,0.0,0.0,0.0,0.0,0.0,0.0,0.0,0.0,0.0,0.0,0.0,0.0,0.0,0.0,0.0,0.0,0.0,0.0,0.0,0.0,0.0,0.0,0.0,0.0,0.0,0.0,1.0,0.0,0.0,0.0,0.0,0.0,0.0,0.0,0.0,0.0,0.0,0.0,0.0,3546c185d1ed0f2609093f4e2fecfc8872e6c87f,0.0,0.0,38.9488544,0.0,0.0,0.0,0.0,-77.0082273,0.0,0.0,0.0,0.0,0.0,0.0,0.0,0.0,0.0,0.0,Washington DC Fire & EMS Station,0.0,0,0.0,0.0,0.0,0.0,0.0,0.0,ChIJbxjGMN_Ht4kRGlHagdX6Pao,0.0,0.0,0.0,0.0,0.0,0.0,0.0,0.0,0.0,0.0,0.0,0.0,0.0,0.0,0.0,0.0,0.0,0.0,0.0,0.0,0.0,0.0,"4801 North Capitol Street Northeast, Washington",0.0
17,0.0,0.0,0.0,0.0,0.0,0.0,0.0,0.0,0.0,0.0,0.0,0.0,0.0,0.0,0.0,0.0,0.0,0.0,0.0,0.0,0.0,0.0,0.0,0.0,0.0,0.0,0.0,0.0,0.0,0.0,0.0,0.0,0.0,1.0,0.0,0.0,0.0,0.0,0.0,0.0,0.0,0.0,0.0,0.0,0.0,0.0,8a4a8b0e12d0e2633c43f13c83a82743bc5e1101,0.0,0.0,38.9449561,0.0,0.0,0.0,0.0,-77.0784702,0.0,0.0,0.0,0.0,0.0,0.0,0.0,0.0,0.0,0.0,Washington DC Fire & EMS Station,0.0,0,0.0,0.0,0.0,0.0,0.0,0.0,ChIJG8D_ZsLJt4kRtxgv4OgPMy0,0.0,0.0,0.0,0.0,0.0,0.0,0.0,0.0,0.0,0.0,0.0,0.0,0.0,0.0,0.0,0.0,0.0,0.0,0.0,0.0,0.0,0.0,"4300 Wisconsin Avenue Northwest, Washington",0.0
18,0.0,0.0,0.0,0.0,0.0,0.0,0.0,0.0,0.0,0.0,0.0,0.0,0.0,0.0,0.0,0.0,0.0,0.0,0.0,0.0,0.0,0.0,0.0,0.0,0.0,0.0,0.0,0.0,0.0,0.0,0.0,0.0,0.0,1.0,0.0,0.0,0.0,0.0,0.0,0.0,0.0,0.0,0.0,0.0,0.0,0.0,d49ee9188ec4795e94fd892cc116c00a2c3db9c8,0.0,0.0,38.9449897,0.0,0.0,0.0,0.0,-77.0784644,0.0,0.0,0.0,0.0,0.0,0.0,0.0,0.0,0.0,0.0,ENGINE COMPANY 20,0.0,0,0.0,0.0,0.0,0.0,0.0,0.0,ChIJaShNZsLJt4kRvUFrU1tzkXo,0.0,0.0,0.0,0.0,0.0,0.0,0.0,0.0,0.0,0.0,0.0,0.0,0.0,0.0,0.0,0.0,0.0,0.0,0.0,0.0,0.0,0.0,"4300 Wisconsin Avenue Northwest, Washington",0.0
19,0.0,0.0,0.0,0.0,0.0,0.0,0.0,0.0,0.0,0.0,0.0,0.0,0.0,0.0,0.0,0.0,0.0,0.0,0.0,0.0,0.0,0.0,0.0,0.0,0.0,0.0,0.0,0.0,0.0,0.0,0.0,0.0,0.0,1.0,0.0,0.0,0.0,0.0,0.0,0.0,0.0,0.0,0.0,0.0,0.0,0.0,87055bee50a3fe2bf3c88b709e8e52ff90f71977,0.0,0.0,38.9429903,0.0,0.0,0.0,0.0,-76.956922,0.0,0.0,0.0,0.0,0.0,0.0,0.0,0.0,0.0,0.0,Brentwood Volunteer Fire Department,0.0,0,0.0,0.0,0.0,0.0,0.0,0.0,ChIJkUEzPQzHt4kR3HIPu2vLhTU,0.0,0.0,0.0,0.0,0.0,0.0,0.0,0.0,0.0,0.0,0.0,0.0,0.0,0.0,0.0,0.0,0.0,0.0,0.0,0.0,0.0,0.0,"3712 Utah Avenue, Brentwood",0.0
20,0.0,0.0,0.0,0.0,0.0,0.0,0.0,0.0,0.0,0.0,0.0,0.0,0.0,0.0,0.0,0.0,0.0,0.0,0.0,0.0,0.0,0.0,0.0,0.0,0.0,0.0,0.0,0.0,0.0,0.0,0.0,0.0,0.0,1.0,0.0,0.0,0.0,0.0,0.0,0.0,0.0,0.0,0.0,0.0,0.0,0.0,ba1a0d5bdfc05257e8da9cbeb30b9ef85b0a579d,0.0,0.0,38.941574,0.0,0.0,0.0,0.0,-76.9332974,0.0,0.0,0.0,0.0,0.0,0.0,0.0,0.0,0.0,0.0,Bladensburg Fire Department,0.0,1,0.0,0.0,0.0,0.0,0.0,0.0,ChIJ108T0jvHt4kRNjhclpaTM_w,0.0,0.0,0.0,0.0,0.0,0.0,0.0,0.0,0.0,0.0,0.0,0.0,0.0,0.0,0.0,0.0,0.0,0.0,0.0,0.0,0.0,0.0,"4213 Edmonston Road, Bladensburg",0.0
21,0.0,0.0,0.0,0.0,0.0,0.0,0.0,0.0,0.0,0.0,0.0,0.0,0.0,0.0,0.0,0.0,0.0,0.0,0.0,0.0,0.0,0.0,0.0,0.0,0.0,0.0,0.0,0.0,0.0,0.0,0.0,0.0,0.0,1.0,0.0,0.0,0.0,0.0,0.0,0.0,0.0,0.0,0.0,0.0,0.0,0.0,6b4a0e9b54ff2053c2b6084fbc07dcb490691bd1,0.0,0.0,38.9363429,0.0,0.0,0.0,0.0,-77.059413,0.0,0.0,0.0,0.0,0.0,0.0,0.0,0.0,0.0,0.0,Washington DC Fire & EMS Station,0.0,1,0.0,0.0,0.0,0.0,0.0,0.0,ChIJTYUip9PJt4kRoRtuu4PgztA,0.0,0.0,0.0,0.0,0.0,0.0,0.0,0.0,0.0,0.0,0.0,0.0,0.0,0.0,0.0,0.0,0.0,0.0,0.0,0.0,0.0,0.0,"3522 Connecticut Avenue Northwest, Washington",0.0
22,0.0,0.0,0.0,0.0,0.0,0.0,0.0,0.0,0.0,0.0,0.0,0.0,0.0,0.0,0.0,0.0,0.0,0.0,0.0,0.0,0.0,0.0,0.0,0.0,0.0,0.0,0.0,0.0,0.0,0.0,0.0,0.0,0.0,1.0,0.0,0.0,0.0,0.0,0.0,0.0,0.0,0.0,0.0,0.0,0.0,0.0,c2b736e1072f92a95f5c57f1875096018dfd42e4,0.0,0.0,38.9363504,0.0,0.0,0.0,0.0,-77.0594033,0.0,0.0,0.0,0.0,0.0,0.0,0.0,0.0,0.0,0.0,DCFD Engine 28 Truck 14,0.0,0,0.0,0.0,0.0,0.0,0.0,0.0,ChIJMy2ep9PJt4kRdOavJLwLMgA,0.0,0.0,0.0,0.0,0.0,0.0,0.0,0.0,0.0,0.0,0.0,0.0,0.0,0.0,0.0,0.0,0.0,0.0,0.0,0.0,0.0,0.0,"3522 Connecticut Avenue Northwest, Washington",0.0
23,0.0,0.0,0.0,0.0,0.0,0.0,0.0,0.0,0.0,0.0,0.0,0.0,0.0,0.0,0.0,0.0,0.0,0.0,0.0,0.0,0.0,0.0,0.0,0.0,0.0,0.0,0.0,0.0,0.0,0.0,0.0,0.0,0.0,1.0,0.0,0.0,0.0,0.0,0.0,0.0,0.0,0.0,0.0,0.0,0.0,0.0,6b4a0e9b54ff2053c2b6084fbc07dcb490691bd1,0.0,0.0,38.9363429,0.0,0.0,0.0,0.0,-77.059413,0.0,0.0,0.0,0.0,0.0,0.0,0.0,0.0,0.0,0.0,Washington DC Fire & EMS Station,0.0,1,0.0,0.0,0.0,0.0,0.0,0.0,ChIJTYUip9PJt4kRoRtuu4PgztA,0.0,0.0,0.0,0.0,0.0,0.0,0.0,0.0,0.0,0.0,0.0,0.0,0.0,0.0,0.0,0.0,0.0,0.0,0.0,0.0,0.0,0.0,"3522 Connecticut Avenue Northwest, Washington",0.0
24,0.0,0.0,0.0,0.0,0.0,0.0,0.0,0.0,0.0,0.0,0.0,0.0,0.0,0.0,0.0,0.0,0.0,0.0,0.0,0.0,0.0,0.0,0.0,0.0,0.0,0.0,0.0,0.0,0.0,0.0,0.0,0.0,0.0,1.0,0.0,0.0,0.0,0.0,0.0,0.0,0.0,0.0,0.0,0.0,0.0,0.0,c2b736e1072f92a95f5c57f1875096018dfd42e4,0.0,0.0,38.9363504,0.0,0.0,0.0,0.0,-77.0594033,0.0,0.0,0.0,0.0,0.0,0.0,0.0,0.0,0.0,0.0,DCFD Engine 28 Truck 14,0.0,0,0.0,0.0,0.0,0.0,0.0,0.0,ChIJMy2ep9PJt4kRdOavJLwLMgA,0.0,0.0,0.0,0.0,0.0,0.0,0.0,0.0,0.0,0.0,0.0,0.0,0.0,0.0,0.0,0.0,0.0,0.0,0.0,0.0,0.0,0.0,"3522 Connecticut Avenue Northwest, Washington",0.0
25,0.0,0.0,0.0,0.0,0.0,0.0,0.0,0.0,0.0,0.0,0.0,0.0,0.0,0.0,0.0,0.0,0.0,0.0,0.0,0.0,0.0,0.0,0.0,0.0,0.0,0.0,0.0,0.0,0.0,0.0,0.0,0.0,0.0,1.0,0.0,0.0,0.0,0.0,0.0,0.0,0.0,0.0,0.0,0.0,0.0,0.0,7ab100d4f13a075aaa3ceeffc1a376044d47f0df,0.0,0.0,38.9322656,0.0,0.0,0.0,0.0,-77.0330189,0.0,0.0,0.0,0.0,0.0,0.0,0.0,0.0,0.0,0.0,"DCFD Engine 11, Truck 6",0.0,0,0.0,0.0,0.0,0.0,0.0,0.0,ChIJScmCpRjIt4kRga6OmsXvR3I,0.0,0.0,0.0,0.0,0.0,0.0,0.0,0.0,0.0,0.0,0.0,0.0,0.0,0.0,0.0,0.0,0.0,0.0,0.0,0.0,0.0,0.0,"3420 14th Street Northwest, Washington",0.0
26,0.0,0.0,0.0,0.0,0.0,0.0,0.0,0.0,0.0,0.0,0.0,0.0,0.0,0.0,0.0,0.0,0.0,0.0,0.0,0.0,0.0,0.0,0.0,0.0,0.0,0.0,0.0,0.0,0.0,0.0,0.0,0.0,0.0,1.0,0.0,0.0,0.0,0.0,0.0,0.0,0.0,0.0,0.0,0.0,0.0,0.0,f1321e975144ee64615df368c10d8e2b72f03fc4,0.0,0.0,38.9323291,0.0,0.0,0.0,0.0,-76.989908,0.0,0.0,0.0,0.0,0.0,0.0,0.0,0.0,0.0,0.0,Engine 17,0.0,1,0.0,0.0,0.0,0.0,0.0,0.0,ChIJy1j0ee3Ht4kRdRGoRktpFJ4,0.0,0.0,0.0,0.0,0.0,0.0,0.0,0.0,0.0,0.0,0.0,0.0,0.0,0.0,0.0,0.0,0.0,0.0,0.0,0.0,0.0,0.0,"1227 Monroe Street Northeast, Washington",0.0
27,0.0,0.0,0.0,0.0,0.0,0.0,0.0,0.0,0.0,0.0,0.0,0.0,0.0,0.0,0.0,0.0,0.0,0.0,0.0,0.0,0.0,0.0,0.0,0.0,0.0,0.0,0.0,0.0,0.0,0.0,0.0,0.0,0.0,1.0,0.0,0.0,0.0,0.0,0.0,0.0,0.0,0.0,0.0,0.0,0.0,0.0,fee268060aabcb33fb662b48c3de900f7fbb2253,0.0,0.0,38.9323399,0.0,0.0,0.0,0.0,-76.989937,0.0,0.0,0.0,0.0,0.0,0.0,0.0,0.0,0.0,0.0,Washington DC Fire & EMS Station,0.0,0,0.0,0.0,0.0,0.0,0.0,0.0,ChIJJQ_gee3Ht4kR7tN1eI91h-M,0.0,0.0,0.0,0.0,0.0,0.0,0.0,0.0,0.0,0.0,0.0,0.0,0.0,0.0,0.0,0.0,0.0,0.0,0.0,0.0,0.0,0.0,"1227 Monroe Street Northeast, Washington",0.0
28,0.0,0.0,0.0,0.0,0.0,0.0,0.0,0.0,0.0,0.0,0.0,0.0,0.0,0.0,0.0,0.0,0.0,0.0,0.0,0.0,0.0,0.0,0.0,0.0,0.0,0.0,0.0,0.0,0.0,0.0,0.0,0.0,0.0,1.0,0.0,0.0,0.0,0.0,0.0,0.0,0.0,0.0,0.0,0.0,0.0,0.0,339d49f7196310d8bcc44f7003609a4541394e43,0.0,0.0,38.9387644,0.0,0.0,0.0,0.0,-76.957131,0.0,0.0,0.0,0.0,0.0,0.0,0.0,0.0,0.0,0.0,The Bunker Hill Volunteer Fire & Rescue Co. Inc.,0.0,0,0.0,0.0,0.0,0.0,0.0,0.0,ChIJBZNANXPHt4kRB6zzX1kR2lE,0.0,0.0,0.0,0.0,0.0,0.0,0.0,0.0,0.0,0.0,0.0,0.0,0.0,0.0,0.0,0.0,0.0,0.0,0.0,0.0,0.0,0.0,"3716 Rhode Island Avenue, Brentwood",0.0
29,0.0,0.0,0.0,0.0,0.0,0.0,0.0,0.0,0.0,0.0,0.0,0.0,0.0,0.0,0.0,0.0,0.0,0.0,0.0,0.0,0.0,0.0,0.0,0.0,0.0,0.0,0.0,0.0,0.0,0.0,0.0,0.0,0.0,1.0,0.0,0.0,0.0,0.0,0.0,0.0,0.0,0.0,0.0,0.0,0.0,0.0,8b9b5efd8f96ab5bf57e11777b838660f699f9bd,0.0,0.0,38.9247766,0.0,0.0,0.0,0.0,-77.0421891,0.0,0.0,0.0,0.0,0.0,0.0,0.0,0.0,0.0,0.0,Engine 21,0.0,0,0.0,0.0,0.0,0.0,0.0,0.0,ChIJ32AAqtm3t4kRi1QMdF0VpLI,0.0,0.0,0.0,0.0,0.0,0.0,0.0,0.0,0.0,0.0,0.0,0.0,0.0,0.0,0.0,0.0,0.0,0.0,0.0,0.0,0.0,0.0,"1763 Lanier Place Northwest, Washington",0.0
30,0.0,0.0,0.0,0.0,0.0,0.0,0.0,0.0,0.0,0.0,0.0,0.0,0.0,0.0,0.0,0.0,0.0,0.0,0.0,0.0,0.0,0.0,0.0,0.0,0.0,0.0,0.0,0.0,0.0,0.0,0.0,0.0,0.0,1.0,0.0,0.0,0.0,0.0,0.0,0.0,0.0,0.0,0.0,0.0,0.0,0.0,ad4f812275faab06454a4fdc51220e9e6afd6bec,0.0,0.0,38.9307486,0.0,0.0,0.0,0.0,-77.0311614,0.0,0.0,0.0,0.0,0.0,0.0,0.0,0.0,0.0,0.0,Washington DC Fire & EMS: Homeland Security Special Operations,0.0,0,0.0,0.0,0.0,0.0,0.0,0.0,ChIJGT3yLx_It4kRupN-x3S3HsQ,0.0,0.0,0.0,0.0,0.0,0.0,0.0,0.0,0.0,0.0,0.0,0.0,0.0,0.0,0.0,0.0,0.0,0.0,0.0,0.0,0.0,0.0,"1338 Park Road Northwest, Washington",0.0
31,0.0,0.0,0.0,0.0,0.0,0.0,0.0,0.0,0.0,0.0,0.0,0.0,0.0,0.0,0.0,0.0,0.0,0.0,0.0,0.0,0.0,0.0,0.0,0.0,0.0,0.0,0.0,0.0,0.0,0.0,0.0,0.0,0.0,1.0,0.0,0.0,0.0,0.0,0.0,0.0,0.0,0.0,0.0,0.0,0.0,0.0,d95e33b97beafaf2eae8880472e946582e7da69c,0.0,0.0,38.9233925,0.0,0.0,0.0,0.0,-77.0250595,0.0,0.0,0.0,0.0,0.0,0.0,0.0,0.0,0.0,0.0,Washington City Fire Department: Engine House 4,0.0,0,0.0,0.0,0.0,0.0,0.0,0.0,ChIJo2N-UeK3t4kRik2nU2u8ZX8,0.0,0.0,0.0,0.0,0.0,0.0,0.0,0.0,0.0,0.0,0.0,0.0,0.0,0.0,0.0,0.0,0.0,0.0,0.0,0.0,0.0,0.0,"2531 Sherman Avenue Northwest, Washington",0.0
32,0.0,0.0,0.0,0.0,0.0,0.0,0.0,0.0,0.0,0.0,0.0,0.0,0.0,0.0,0.0,0.0,0.0,0.0,0.0,0.0,0.0,0.0,0.0,0.0,0.0,0.0,0.0,0.0,0.0,0.0,0.0,0.0,0.0,1.0,0.0,0.0,0.0,0.0,0.0,0.0,0.0,0.0,0.0,0.0,0.0,0.0,0b473718e391ba0016501ee400220964a3b50834,0.0,0.0,38.9234492,0.0,0.0,0.0,0.0,-77.0129281,0.0,0.0,0.0,0.0,0.0,0.0,0.0,0.0,0.0,0.0,Washington DC Fire Department,0.0,0,0.0,0.0,0.0,0.0,0.0,0.0,ChIJ-UTXzf-3t4kRgB4_xNfowT8,0.0,0.0,0.0,0.0,0.0,0.0,0.0,0.0,0.0,0.0,0.0,0.0,0.0,0.0,0.0,0.0,0.0,0.0,0.0,0.0,0.0,0.0,"300 McMillan Drive Northwest, Washington",0.0
33,0.0,0.0,0.0,0.0,0.0,0.0,0.0,0.0,0.0,0.0,0.0,0.0,0.0,0.0,0.0,0.0,0.0,0.0,0.0,0.0,0.0,0.0,0.0,0.0,0.0,0.0,0.0,0.0,0.0,0.0,0.0,0.0,0.0,1.0,0.0,0.0,0.0,0.0,0.0,0.0,0.0,0.0,0.0,0.0,0.0,0.0,1fe8d931ed565a4e93843108a9ff2ba3bd2a8315,0.0,0.0,38.924393,0.0,0.0,0.0,0.0,-76.9868369,0.0,0.0,0.0,0.0,0.0,0.0,0.0,0.0,0.0,0.0,Washington DC Fire & EMS Station,0.0,0,0.0,0.0,0.0,0.0,0.0,0.0,ChIJV5mzJIvHt4kR5zjSSon8FQU,0.0,0.0,0.0,0.0,0.0,0.0,0.0,0.0,0.0,0.0,0.0,0.0,0.0,0.0,0.0,0.0,0.0,0.0,0.0,0.0,0.0,0.0,"1340 Rhode Island Avenue Northeast, Washington",0.0
34,0.0,0.0,0.0,0.0,0.0,0.0,0.0,0.0,0.0,0.0,0.0,0.0,0.0,0.0,0.0,0.0,0.0,0.0,0.0,0.0,0.0,0.0,0.0,0.0,0.0,0.0,0.0,0.0,0.0,0.0,0.0,0.0,0.0,1.0,0.0,0.0,0.0,0.0,0.0,0.0,0.0,0.0,0.0,0.0,0.0,0.0,8ef937614aa4e77263add0947ea5b831c721f770,0.0,0.0,38.931483,0.0,0.0,0.0,0.0,-76.950333,0.0,0.0,0.0,0.0,0.0,0.0,0.0,0.0,0.0,0.0,Colmar Manor Town Hall,0.0,0,0.0,0.0,0.0,0.0,0.0,0.0,ChIJHc5sZm7Ht4kRQaWn5qaPYaw,0.0,0.0,0.0,0.0,0.0,0.0,0.0,0.0,0.0,0.0,0.0,0.0,0.0,0.0,0.0,0.0,0.0,0.0,0.0,0.0,0.0,0.0,"3701 Lawrence Street, Colmar Manor",0.0
35,0.0,0.0,0.0,0.0,0.0,0.0,0.0,0.0,0.0,0.0,0.0,0.0,0.0,0.0,0.0,0.0,0.0,0.0,0.0,0.0,0.0,0.0,0.0,0.0,0.0,0.0,0.0,0.0,0.0,0.0,0.0,0.0,0.0,1.0,0.0,0.0,0.0,0.0,0.0,0.0,0.0,0.0,0.0,0.0,0.0,0.0,e24bf0e0add10c71ef442f1e78a311bd7b882b4e,0.0,0.0,38.9155955,0.0,0.0,0.0,0.0,-77.0935132,0.0,0.0,0.0,0.0,0.0,0.0,0.0,0.0,0.0,0.0,Washington DC Fire & EMS Station,0.0,0,0.0,0.0,0.0,0.0,0.0,0.0,ChIJQXzErg22t4kRKHWVhIlkmMI,0.0,0.0,0.0,0.0,0.0,0.0,0.0,0.0,0.0,0.0,0.0,0.0,0.0,0.0,0.0,0.0,0.0,0.0,0.0,0.0,0.0,0.0,"4811 MacArthur Boulevard Northwest, Washington",0.0
36,0.0,0.0,0.0,0.0,0.0,0.0,0.0,0.0,0.0,0.0,0.0,0.0,0.0,0.0,0.0,0.0,0.0,0.0,0.0,0.0,0.0,0.0,0.0,0.0,0.0,0.0,0.0,0.0,0.0,0.0,0.0,0.0,0.0,1.0,0.0,0.0,0.0,0.0,0.0,0.0,0.0,0.0,0.0,0.0,0.0,0.0,37b3510ae25b0a17f5fbde5bd90dc0a8a63abb0a,0.0,0.0,38.9156012,0.0,0.0,0.0,0.0,-77.0935013,0.0,0.0,0.0,0.0,0.0,0.0,0.0,0.0,0.0,0.0,"Engine 29, Truck 5",0.0,0,0.0,0.0,0.0,0.0,0.0,0.0,ChIJJbZRqg22t4kRijwSyp7Pp68,0.0,0.0,0.0,0.0,0.0,0.0,0.0,0.0,0.0,0.0,0.0,0.0,0.0,0.0,0.0,0.0,0.0,0.0,0.0,0.0,0.0,0.0,"4811 MacArthur Boulevard Northwest, Washington",0.0
37,0.0,0.0,0.0,0.0,0.0,0.0,0.0,0.0,0.0,0.0,0.0,0.0,0.0,0.0,0.0,0.0,0.0,0.0,0.0,0.0,0.0,0.0,0.0,0.0,0.0,0.0,0.0,0.0,0.0,0.0,0.0,0.0,0.0,1.0,0.0,0.0,0.0,0.0,0.0,0.0,0.0,0.0,0.0,0.0,0.0,0.0,ab62776d5786140c391a0abe2b3eab7ba4b09f7d,0.0,0.0,38.9173209,0.0,0.0,0.0,0.0,-77.0375236,0.0,0.0,0.0,0.0,0.0,0.0,0.0,0.0,0.0,0.0,Washington DC Fire & EMS Station,0.0,0,0.0,0.0,0.0,0.0,0.0,0.0,ChIJY-AFydy3t4kRK1yF_nCJq70,0.0,0.0,0.0,0.0,0.0,0.0,0.0,0.0,0.0,0.0,0.0,0.0,0.0,0.0,0.0,0.0,0.0,0.0,0.0,0.0,0.0,0.0,"1617 U Street Northwest, Washington",0.0
38,0.0,0.0,0.0,0.0,0.0,0.0,0.0,0.0,0.0,0.0,0.0,0.0,0.0,0.0,0.0,0.0,0.0,0.0,0.0,0.0,0.0,0.0,0.0,0.0,0.0,0.0,0.0,0.0,0.0,0.0,0.0,0.0,0.0,1.0,0.0,0.0,0.0,0.0,0.0,0.0,0.0,0.0,0.0,0.0,0.0,0.0,5b4b382daed79e9ba3b26f2de7aff1c32796c8df,0.0,0.0,38.9173345,0.0,0.0,0.0,0.0,-77.0374864,0.0,0.0,0.0,0.0,0.0,0.0,0.0,0.0,0.0,0.0,"Engine 9, Truck 9",0.0,0,0.0,0.0,0.0,0.0,0.0,0.0,ChIJc54Lydy3t4kRXy_TRVAGVfk,0.0,0.0,0.0,0.0,0.0,0.0,0.0,0.0,0.0,0.0,0.0,0.0,0.0,0.0,0.0,0.0,0.0,0.0,0.0,0.0,0.0,0.0,"1617 U Street Northwest, Washington",0.0
39,0.0,0.0,0.0,0.0,0.0,0.0,0.0,0.0,0.0,0.0,0.0,0.0,0.0,0.0,0.0,0.0,0.0,0.0,0.0,0.0,0.0,0.0,0.0,0.0,0.0,0.0,0.0,0.0,0.0,0.0,0.0,0.0,0.0,1.0,0.0,0.0,0.0,0.0,0.0,0.0,0.0,0.0,0.0,0.0,0.0,0.0,f4c4632f3818b1783ade2961662b9db02ba06c53,0.0,0.0,38.9173205,0.0,0.0,0.0,0.0,-77.032452,0.0,0.0,0.0,0.0,0.0,0.0,0.0,0.0,0.0,0.0,Fire Department Headquarters,0.0,0,0.0,0.0,0.0,0.0,0.0,0.0,ChIJrxmI6-e3t4kRO8ua_YyXf9E,0.0,0.0,0.0,0.0,0.0,0.0,0.0,0.0,0.0,0.0,0.0,0.0,0.0,0.0,0.0,0.0,0.0,0.0,0.0,0.0,0.0,0.0,"2000 14th Street Northwest, Washington",0.0
40,0.0,0.0,0.0,0.0,0.0,0.0,0.0,0.0,0.0,0.0,0.0,0.0,0.0,0.0,0.0,0.0,0.0,0.0,0.0,0.0,0.0,0.0,0.0,0.0,0.0,0.0,0.0,0.0,0.0,0.0,0.0,0.0,0.0,1.0,0.0,0.0,0.0,0.0,0.0,0.0,0.0,0.0,0.0,0.0,0.0,0.0,67a5d48b626693ae41d0bee0259aeda7b64045c6,0.0,0.0,38.9160569,0.0,0.0,0.0,0.0,-77.0254144,0.0,0.0,0.0,0.0,0.0,0.0,0.0,0.0,0.0,0.0,DC Fire & Emergency Med Services,0.0,0,0.0,0.0,0.0,0.0,0.0,0.0,ChIJ2xt9muW3t4kRlPG7x3PnPqU,0.0,0.0,0.0,0.0,0.0,0.0,0.0,0.0,0.0,0.0,0.0,0.0,0.0,0.0,0.0,0.0,0.0,0.0,0.0,0.0,0.0,0.0,"1923 Vermont Avenue Northwest, Washington",0.0
41,0.0,0.0,0.0,0.0,0.0,0.0,0.0,0.0,0.0,0.0,0.0,0.0,0.0,0.0,0.0,0.0,0.0,0.0,0.0,0.0,0.0,0.0,0.0,0.0,0.0,0.0,0.0,0.0,0.0,0.0,0.0,0.0,0.0,1.0,0.0,0.0,0.0,0.0,0.0,0.0,0.0,0.0,0.0,0.0,0.0,0.0,2161464b8ba2162c88a5d0624c28b47eb97d0752,0.0,0.0,38.916172,0.0,0.0,0.0,0.0,-77.025463,0.0,0.0,0.0,0.0,0.0,0.0,0.0,0.0,0.0,0.0,Fire Department-Administration Division,0.0,0,0.0,0.0,0.0,0.0,0.0,0.0,ChIJ2xt9muW3t4kRDxeWZSQG3W0,0.0,0.0,0.0,0.0,0.0,0.0,0.0,0.0,0.0,0.0,0.0,0.0,0.0,0.0,0.0,0.0,0.0,0.0,0.0,0.0,0.0,0.0,"1923 Vermont Avenue Northwest, Washington",0.0
42,0.0,0.0,0.0,0.0,0.0,0.0,0.0,0.0,0.0,0.0,0.0,0.0,0.0,0.0,0.0,0.0,0.0,0.0,0.0,0.0,0.0,0.0,0.0,0.0,0.0,0.0,0.0,0.0,0.0,0.0,0.0,0.0,0.0,1.0,0.0,0.0,0.0,0.0,0.0,0.0,0.0,0.0,0.0,0.0,0.0,0.0,505beadf997163a572fe92bcf54ffbdf8fbf1c37,0.0,0.0,38.916172,0.0,0.0,0.0,0.0,-77.025463,0.0,0.0,0.0,0.0,0.0,0.0,0.0,0.0,0.0,0.0,Washington Fire-Public Info,0.0,0,0.0,0.0,0.0,0.0,0.0,0.0,ChIJ2xt9muW3t4kRwnbXmw5g6vU,0.0,0.0,0.0,0.0,0.0,0.0,0.0,0.0,0.0,0.0,0.0,0.0,0.0,0.0,0.0,0.0,0.0,0.0,0.0,0.0,0.0,0.0,"1923 Vermont Avenue Northwest, Washington",0.0
43,0.0,0.0,0.0,0.0,0.0,0.0,0.0,0.0,0.0,0.0,0.0,0.0,0.0,0.0,0.0,0.0,0.0,0.0,0.0,0.0,0.0,0.0,0.0,0.0,0.0,0.0,0.0,0.0,0.0,0.0,0.0,0.0,0.0,1.0,0.0,0.0,0.0,0.0,0.0,0.0,0.0,0.0,0.0,0.0,0.0,0.0,18947cf0cb9f66a273a127d33c1fa2cafa16208c,0.0,0.0,38.922258,0.0,0.0,0.0,0.0,-77.016177,0.0,0.0,0.0,0.0,0.0,0.0,0.0,0.0,0.0,0.0,Office-Unified Comm Radio Shop,0.0,0,0.0,0.0,0.0,0.0,0.0,0.0,ChIJddWM1f23t4kRCsfV-k9jKFc,0.0,0.0,0.0,0.0,0.0,0.0,0.0,0.0,0.0,0.0,0.0,0.0,0.0,0.0,0.0,0.0,0.0,0.0,0.0,0.0,0.0,0.0,"310 McMillan Drive Northwest, Washington",0.0
44,0.0,0.0,0.0,0.0,0.0,0.0,0.0,0.0,0.0,0.0,0.0,0.0,0.0,0.0,0.0,0.0,0.0,0.0,0.0,0.0,0.0,0.0,0.0,0.0,0.0,0.0,0.0,0.0,0.0,0.0,0.0,0.0,0.0,1.0,0.0,0.0,0.0,0.0,0.0,0.0,0.0,0.0,0.0,0.0,0.0,0.0,b0b02e75ba5c225e00fc26f8904defa84f792f40,0.0,0.0,38.9199091,0.0,0.0,0.0,0.0,-76.9991468,0.0,0.0,0.0,0.0,0.0,0.0,0.0,0.0,0.0,0.0,Washington DC Fire & EMS Station,0.0,0,0.0,0.0,0.0,0.0,0.0,0.0,ChIJ85i3Lwa4t4kRThRKY1q1QAc,0.0,0.0,0.0,0.0,0.0,0.0,0.0,0.0,0.0,0.0,0.0,0.0,0.0,0.0,0.0,0.0,0.0,0.0,0.0,0.0,0.0,0.0,"2225 5th Street Northeast, Washington",0.0
45,0.0,0.0,0.0,0.0,0.0,1.0,0.0,0.0,0.0,0.0,0.0,0.0,0.0,0.0,0.0,0.0,0.0,0.0,0.0,0.0,0.0,0.0,0.0,0.0,0.0,0.0,0.0,0.0,0.0,0.0,0.0,0.0,0.0,1.0,0.0,0.0,0.0,0.0,0.0,0.0,0.0,0.0,0.0,0.0,0.0,0.0,c1d17a7bebe34833a6c665a29dd04f40aa7daeb8,0.0,0.0,38.9199091,0.0,0.0,0.0,0.0,-76.9991468,0.0,0.0,0.0,0.0,0.0,0.0,0.0,0.0,0.0,0.0,D C Fire Department Federal CU,0.0,0,0.0,0.0,0.0,0.0,0.0,0.0,ChIJnU5cLAa4t4kRpn_dCnYki7c,0.0,0.0,0.0,0.0,0.0,0.0,0.0,0.0,0.0,0.0,0.0,0.0,0.0,0.0,0.0,0.0,0.0,0.0,0.0,0.0,0.0,0.0,"2225 5th Street Northeast, Washington",0.0
46,0.0,0.0,0.0,0.0,0.0,0.0,0.0,0.0,0.0,0.0,0.0,0.0,0.0,0.0,0.0,0.0,0.0,0.0,0.0,0.0,0.0,0.0,0.0,0.0,0.0,0.0,0.0,0.0,0.0,0.0,0.0,0.0,0.0,1.0,0.0,0.0,0.0,0.0,0.0,0.0,0.0,0.0,0.0,0.0,0.0,0.0,a78b4eba18b85fa441801c75ae7d641d7f1fb8db,0.0,0.0,38.9188737,0.0,0.0,0.0,0.0,-76.9619204,0.0,0.0,0.0,0.0,0.0,0.0,0.0,0.0,0.0,0.0,Washington DC Fire Medical,0.0,0,0.0,0.0,0.0,0.0,0.0,0.0,ChIJ17op23_Ht4kRHqq_uHE6d0A,0.0,0.0,0.0,0.0,0.0,0.0,0.0,0.0,0.0,0.0,0.0,0.0,0.0,0.0,0.0,0.0,0.0,0.0,0.0,0.0,0.0,0.0,"3170 V Street Northeast, Washington",0.0
47,0.0,0.0,0.0,0.0,0.0,0.0,0.0,0.0,0.0,0.0,0.0,0.0,0.0,0.0,0.0,0.0,0.0,0.0,0.0,0.0,0.0,0.0,0.0,0.0,0.0,0.0,0.0,0.0,0.0,0.0,0.0,0.0,0.0,1.0,0.0,0.0,0.0,0.0,0.0,0.0,0.0,0.0,0.0,0.0,0.0,0.0,5b161f45b3444a14251ed94d5b504bc764a2eeb5,0.0,0.0,38.918047,0.0,0.0,0.0,0.0,-76.942648,0.0,0.0,0.0,0.0,0.0,0.0,0.0,0.0,0.0,0.0,Wa DC Fire Department-Plang Sect,0.0,0,0.0,0.0,0.0,0.0,0.0,0.0,ChIJozuficK4t4kRdNV9_1Zz22U,0.0,0.0,0.0,0.0,0.0,0.0,0.0,0.0,0.0,0.0,0.0,0.0,0.0,0.0,0.0,0.0,0.0,0.0,0.0,0.0,0.0,0.0,"3180 B St NE, Washington",0.0
48,0.0,0.0,0.0,0.0,0.0,0.0,0.0,0.0,0.0,0.0,0.0,0.0,0.0,0.0,0.0,0.0,0.0,0.0,0.0,0.0,0.0,0.0,0.0,0.0,0.0,0.0,0.0,0.0,0.0,0.0,0.0,0.0,0.0,1.0,0.0,0.0,0.0,0.0,0.0,0.0,0.0,0.0,0.0,0.0,0.0,0.0,a99d815d485ce3fedf5beac891b46817d6bdb1e3,0.0,0.0,38.9172398,0.0,0.0,0.0,0.0,-76.9216908,0.0,0.0,0.0,0.0,0.0,0.0,0.0,0.0,0.0,0.0,Tuxedo Cheverly Fire Department,0.0,0,0.0,0.0,0.0,0.0,0.0,0.0,ChIJrwoLRVTHt4kR0r8-yxEXJ6k,0.0,0.0,0.0,0.0,0.0,0.0,0.0,0.0,0.0,0.0,0.0,0.0,0.0,0.0,0.0,0.0,0.0,0.0,0.0,0.0,0.0,0.0,"5711 Tuxedo Road, Hyattsville",0.0
49,0.0,0.0,0.0,0.0,0.0,0.0,0.0,0.0,0.0,0.0,0.0,0.0,0.0,0.0,0.0,0.0,0.0,0.0,0.0,0.0,0.0,0.0,0.0,0.0,0.0,0.0,0.0,0.0,0.0,0.0,0.0,0.0,0.0,1.0,0.0,0.0,0.0,0.0,0.0,0.0,0.0,0.0,0.0,0.0,0.0,0.0,a99d815d485ce3fedf5beac891b46817d6bdb1e3,0.0,0.0,38.9172398,0.0,0.0,0.0,0.0,-76.9216908,0.0,0.0,0.0,0.0,0.0,0.0,0.0,0.0,0.0,0.0,Tuxedo Cheverly Fire Department,0.0,0,0.0,0.0,0.0,0.0,0.0,0.0,ChIJrwoLRVTHt4kR0r8-yxEXJ6k,0.0,0.0,0.0,0.0,0.0,0.0,0.0,0.0,0.0,0.0,0.0,0.0,0.0,0.0,0.0,0.0,0.0,0.0,0.0,0.0,0.0,0.0,"5711 Tuxedo Road, Hyattsville",0.0
50,0.0,0.0,0.0,0.0,0.0,0.0,0.0,0.0,0.0,0.0,0.0,0.0,0.0,0.0,0.0,0.0,0.0,0.0,0.0,0.0,0.0,0.0,0.0,0.0,0.0,0.0,0.0,0.0,0.0,0.0,0.0,0.0,0.0,1.0,0.0,0.0,0.0,0.0,0.0,0.0,0.0,0.0,0.0,0.0,0.0,0.0,978920d1a253fa335b22ddbaa807bf706e9b7e30,0.0,0.0,38.9114306,0.0,0.0,0.0,0.0,-77.0684561,0.0,0.0,0.0,0.0,0.0,0.0,0.0,0.0,0.0,0.0,Washington DC Fire & EMS Station,0.0,0,0.0,0.0,0.0,0.0,0.0,0.0,ChIJA9U3JDi2t4kRhf8hY2T2bv0,0.0,0.0,0.0,0.0,0.0,0.0,0.0,0.0,0.0,0.0,0.0,0.0,0.0,0.0,0.0,0.0,0.0,0.0,0.0,0.0,0.0,0.0,"3412 Dent Place Northwest, Washington",0.0
51,0.0,0.0,0.0,0.0,0.0,0.0,0.0,0.0,0.0,0.0,0.0,0.0,0.0,0.0,0.0,0.0,0.0,0.0,0.0,0.0,0.0,0.0,0.0,0.0,0.0,0.0,0.0,0.0,0.0,0.0,0.0,0.0,0.0,1.0,0.0,0.0,0.0,0.0,0.0,0.0,0.0,0.0,0.0,0.0,0.0,0.0,30a4e275dde955b8a0b41a1b442493e2071d2ca7,0.0,0.0,38.9076623,0.0,0.0,0.0,0.0,-77.0160779,0.0,0.0,0.0,0.0,0.0,0.0,0.0,0.0,0.0,0.0,DCFD - Engine 6 Truck 4,0.0,1,0.0,0.0,0.0,0.0,0.0,0.0,ChIJ17JRdPS3t4kRcUlxj8T6PPM,0.0,0.0,0.0,0.0,0.0,0.0,0.0,0.0,0.0,0.0,0.0,0.0,0.0,0.0,0.0,0.0,0.0,0.0,0.0,0.0,0.0,0.0,"1300 New Jersey Avenue Northwest, Washington",0.0
52,0.0,0.0,0.0,0.0,0.0,0.0,0.0,0.0,0.0,0.0,0.0,0.0,0.0,0.0,0.0,0.0,0.0,0.0,0.0,0.0,0.0,0.0,0.0,0.0,0.0,0.0,0.0,0.0,0.0,0.0,0.0,0.0,0.0,1.0,0.0,0.0,0.0,0.0,0.0,0.0,0.0,0.0,0.0,0.0,0.0,0.0,cbc711d5da4234aba2ca573965b9f1c2a07979ae,0.0,0.0,38.905504,0.0,0.0,0.0,0.0,-77.0497051,0.0,0.0,0.0,0.0,0.0,0.0,0.0,0.0,0.0,0.0,"Engine 1, Truck 2",0.0,1,0.0,0.0,0.0,0.0,0.0,0.0,ChIJPfdFYra3t4kRFmSBe6yIuYQ,0.0,0.0,0.0,0.0,0.0,0.0,0.0,0.0,0.0,0.0,0.0,0.0,0.0,0.0,0.0,0.0,0.0,0.0,0.0,0.0,0.0,0.0,"2225 M Street Northwest, Washington",0.0
53,0.0,0.0,0.0,0.0,0.0,0.0,0.0,0.0,0.0,0.0,0.0,0.0,0.0,0.0,0.0,0.0,0.0,0.0,0.0,0.0,0.0,0.0,0.0,0.0,0.0,0.0,0.0,0.0,0.0,0.0,0.0,0.0,0.0,1.0,0.0,0.0,0.0,0.0,0.0,0.0,0.0,0.0,0.0,0.0,0.0,0.0,2ae1657810ac870cf53bf77e03334707f2593339,0.0,0.0,38.903384,0.0,0.0,0.0,0.0,-77.034178,0.0,0.0,0.0,0.0,0.0,0.0,0.0,0.0,0.0,0.0,National Conference of Firemen,0.0,0,0.0,0.0,0.0,0.0,0.0,0.0,ChIJQbeaMr63t4kRy7b4vIU_IQk,0.0,0.0,0.0,0.0,0.0,0.0,0.0,0.0,0.0,0.0,0.0,0.0,0.0,0.0,0.0,0.0,0.0,0.0,0.0,0.0,0.0,0.0,"1023 15th Street Northwest #10, Washington",0.0
54,0.0,0.0,0.0,0.0,0.0,0.0,0.0,0.0,0.0,0.0,0.0,0.0,0.0,0.0,0.0,0.0,0.0,0.0,0.0,0.0,0.0,0.0,0.0,0.0,0.0,0.0,0.0,0.0,0.0,0.0,0.0,0.0,0.0,1.0,0.0,0.0,0.0,0.0,0.0,0.0,0.0,0.0,0.0,0.0,0.0,0.0,b0b44e9ab74ed2fb9ade2a7977843814ea33ca86,0.0,0.0,38.9032812,0.0,0.0,0.0,0.0,-77.0299761,0.0,0.0,0.0,0.0,0.0,0.0,0.0,0.0,0.0,0.0,Washington DC Fire & EMS Station,0.0,1,0.0,0.0,0.0,0.0,0.0,0.0,ChIJk3Jb95S3t4kRnZzw_zvdnHw,0.0,0.0,0.0,0.0,0.0,0.0,0.0,0.0,0.0,0.0,0.0,0.0,0.0,0.0,0.0,0.0,0.0,0.0,0.0,0.0,0.0,0.0,"1018 13th Street Northwest, Washington",0.0
55,0.0,0.0,0.0,0.0,0.0,0.0,0.0,0.0,0.0,0.0,0.0,0.0,0.0,0.0,0.0,0.0,0.0,0.0,0.0,0.0,0.0,0.0,0.0,0.0,0.0,0.0,0.0,0.0,0.0,0.0,0.0,0.0,0.0,1.0,0.0,0.0,0.0,0.0,0.0,0.0,0.0,0.0,0.0,0.0,0.0,0.0,447c8a5a932d65dca7ded6824943d32b2346c295,0.0,0.0,38.9015134,0.0,0.0,0.0,0.0,-76.9867546,0.0,0.0,0.0,0.0,0.0,0.0,0.0,0.0,0.0,0.0,Washington DC Fire & EMS Station,0.0,0,0.0,0.0,0.0,0.0,0.0,0.0,ChIJjUOFWxe4t4kR6k_9GnclZfo,0.0,0.0,0.0,0.0,0.0,0.0,0.0,0.0,0.0,0.0,0.0,0.0,0.0,0.0,0.0,0.0,0.0,0.0,0.0,0.0,0.0,0.0,"1342 Florida Avenue Northeast, Washington",0.0
56,0.0,0.0,0.0,0.0,0.0,0.0,0.0,0.0,0.0,0.0,0.0,0.0,0.0,0.0,0.0,0.0,0.0,0.0,0.0,0.0,0.0,0.0,0.0,0.0,0.0,0.0,0.0,0.0,0.0,0.0,0.0,0.0,0.0,1.0,0.0,0.0,0.0,0.0,0.0,0.0,0.0,0.0,0.0,0.0,0.0,0.0,0a17f6febb15e35f08606160c1cdcbf24f88d1be,0.0,0.0,38.9015042,0.0,0.0,0.0,0.0,-76.986733,0.0,0.0,0.0,0.0,0.0,0.0,0.0,0.0,0.0,0.0,"Engine 10, Truck 13",0.0,0,0.0,0.0,0.0,0.0,0.0,0.0,ChIJa402sGq4t4kRDVYB11T7ce4,0.0,0.0,0.0,0.0,0.0,0.0,0.0,0.0,0.0,0.0,0.0,0.0,0.0,0.0,0.0,0.0,0.0,0.0,0.0,0.0,0.0,0.0,"1342 Florida Avenue Northeast, Washington",0.0
57,0.0,0.0,0.0,0.0,0.0,0.0,0.0,0.0,0.0,0.0,0.0,0.0,0.0,0.0,0.0,0.0,0.0,0.0,0.0,0.0,0.0,0.0,0.0,0.0,0.0,0.0,0.0,0.0,0.0,0.0,0.0,0.0,0.0,1.0,0.0,0.0,0.0,0.0,0.0,0.0,0.0,0.0,0.0,0.0,0.0,0.0,53ad5c116f3561e1b1c5f5c1124df73065bd76c4,0.0,0.0,38.9015968,0.0,0.0,0.0,0.0,-76.9866782,0.0,0.0,0.0,0.0,0.0,0.0,0.0,0.0,0.0,0.0,House Of Pain,0.0,0,0.0,0.0,0.0,0.0,0.0,0.0,ChIJn92isGq4t4kRE23Jrzc5lHk,0.0,0.0,0.0,0.0,0.0,0.0,0.0,0.0,0.0,0.0,0.0,0.0,0.0,0.0,0.0,0.0,0.0,0.0,0.0,0.0,0.0,0.0,"1342 Florida Avenue Northeast, Washington",0.0
58,0.0,0.0,0.0,0.0,0.0,0.0,0.0,0.0,0.0,0.0,0.0,0.0,0.0,0.0,0.0,0.0,0.0,0.0,0.0,0.0,0.0,0.0,0.0,0.0,0.0,0.0,0.0,0.0,0.0,0.0,0.0,0.0,0.0,1.0,0.0,0.0,0.0,0.0,0.0,0.0,0.0,0.0,0.0,0.0,0.0,0.0,447c8a5a932d65dca7ded6824943d32b2346c295,0.0,0.0,38.9015134,0.0,0.0,0.0,0.0,-76.9867546,0.0,0.0,0.0,0.0,0.0,0.0,0.0,0.0,0.0,0.0,Washington DC Fire & EMS Station,0.0,0,0.0,0.0,0.0,0.0,0.0,0.0,ChIJjUOFWxe4t4kR6k_9GnclZfo,0.0,0.0,0.0,0.0,0.0,0.0,0.0,0.0,0.0,0.0,0.0,0.0,0.0,0.0,0.0,0.0,0.0,0.0,0.0,0.0,0.0,0.0,"1342 Florida Avenue Northeast, Washington",0.0
59,0.0,0.0,0.0,0.0,0.0,0.0,0.0,0.0,0.0,0.0,0.0,0.0,0.0,0.0,0.0,0.0,0.0,0.0,0.0,0.0,0.0,0.0,0.0,0.0,0.0,0.0,0.0,0.0,0.0,0.0,0.0,0.0,0.0,1.0,0.0,0.0,0.0,0.0,0.0,0.0,0.0,0.0,0.0,0.0,0.0,0.0,0a17f6febb15e35f08606160c1cdcbf24f88d1be,0.0,0.0,38.9015042,0.0,0.0,0.0,0.0,-76.986733,0.0,0.0,0.0,0.0,0.0,0.0,0.0,0.0,0.0,0.0,"Engine 10, Truck 13",0.0,0,0.0,0.0,0.0,0.0,0.0,0.0,ChIJa402sGq4t4kRDVYB11T7ce4,0.0,0.0,0.0,0.0,0.0,0.0,0.0,0.0,0.0,0.0,0.0,0.0,0.0,0.0,0.0,0.0,0.0,0.0,0.0,0.0,0.0,0.0,"1342 Florida Avenue Northeast, Washington",0.0
60,0.0,0.0,0.0,0.0,0.0,0.0,0.0,0.0,0.0,0.0,0.0,0.0,0.0,0.0,0.0,0.0,0.0,0.0,0.0,0.0,0.0,0.0,0.0,0.0,0.0,0.0,0.0,0.0,0.0,0.0,0.0,0.0,0.0,1.0,0.0,0.0,0.0,0.0,0.0,0.0,0.0,0.0,0.0,0.0,0.0,0.0,53ad5c116f3561e1b1c5f5c1124df73065bd76c4,0.0,0.0,38.9015968,0.0,0.0,0.0,0.0,-76.9866782,0.0,0.0,0.0,0.0,0.0,0.0,0.0,0.0,0.0,0.0,House Of Pain,0.0,0,0.0,0.0,0.0,0.0,0.0,0.0,ChIJn92isGq4t4kRE23Jrzc5lHk,0.0,0.0,0.0,0.0,0.0,0.0,0.0,0.0,0.0,0.0,0.0,0.0,0.0,0.0,0.0,0.0,0.0,0.0,0.0,0.0,0.0,0.0,"1342 Florida Avenue Northeast, Washington",0.0
61,0.0,0.0,0.0,0.0,0.0,0.0,0.0,0.0,0.0,0.0,0.0,0.0,0.0,0.0,0.0,0.0,0.0,0.0,0.0,0.0,0.0,0.0,0.0,0.0,0.0,0.0,0.0,0.0,0.0,0.0,0.0,0.0,0.0,1.0,0.0,0.0,0.0,0.0,0.0,0.0,0.0,0.0,0.0,0.0,0.0,0.0,ceb2ba3560a55215925ccf7153ea6b2f4a9706bf,0.0,0.0,38.9052763,0.0,0.0,0.0,0.0,-76.9815877,0.0,0.0,0.0,0.0,0.0,0.0,0.0,0.0,0.0,0.0,Defense Fire Protection,0.0,0,0.0,0.0,0.0,0.0,0.0,0.0,ChIJ_____2u4t4kRiAIAJWmmBN4,0.0,0.0,0.0,0.0,0.0,0.0,0.0,0.0,0.0,0.0,0.0,0.0,0.0,0.0,0.0,0.0,0.0,0.0,0.0,0.0,0.0,0.0,Washington,0.0
62,0.0,0.0,0.0,0.0,0.0,0.0,0.0,0.0,0.0,0.0,0.0,0.0,0.0,0.0,0.0,0.0,0.0,0.0,0.0,0.0,0.0,0.0,0.0,0.0,0.0,0.0,0.0,0.0,0.0,0.0,0.0,0.0,0.0,1.0,0.0,0.0,0.0,0.0,0.0,0.0,0.0,0.0,0.0,0.0,0.0,0.0,ae32e36dd42e488632d5e470c7e3c7178811c043,0.0,0.0,38.9010785,0.0,0.0,0.0,0.0,-76.9432522,0.0,0.0,0.0,0.0,0.0,0.0,0.0,0.0,0.0,0.0,Washington DC Fire & EMS Station,0.0,1,0.0,0.0,0.0,0.0,0.0,0.0,ChIJNYrBuey4t4kRS3OlMwacCeA,0.0,0.0,0.0,0.0,0.0,0.0,0.0,0.0,0.0,0.0,0.0,0.0,0.0,0.0,0.0,0.0,0.0,0.0,0.0,0.0,0.0,0.0,"4201 Minnesota Avenue Northeast, Washington",0.0
63,0.0,0.0,0.0,0.0,0.0,0.0,0.0,0.0,0.0,0.0,0.0,0.0,0.0,0.0,0.0,0.0,0.0,0.0,0.0,0.0,0.0,0.0,0.0,0.0,0.0,0.0,0.0,0.0,0.0,0.0,0.0,0.0,0.0,1.0,0.0,0.0,0.0,0.0,0.0,0.0,0.0,0.0,0.0,0.0,0.0,0.0,d1e622611a32b05cf58d8528ff7de79816528f6a,0.0,0.0,38.9062193,0.0,0.0,0.0,0.0,-76.9110738,0.0,0.0,0.0,0.0,0.0,0.0,0.0,0.0,0.0,0.0,Chapel Oaks Fire Department,0.0,1,0.0,0.0,0.0,0.0,0.0,0.0,ChIJtatjalG_t4kRBZiPm1NUDTE,0.0,0.0,0.0,0.0,0.0,0.0,0.0,0.0,0.0,0.0,0.0,0.0,0.0,0.0,0.0,0.0,0.0,0.0,0.0,0.0,0.0,0.0,"5544 Sheriff Road, Capitol Heights",0.0
64,0.0,0.0,0.0,0.0,0.0,0.0,0.0,0.0,0.0,0.0,0.0,0.0,0.0,0.0,0.0,0.0,0.0,0.0,0.0,0.0,0.0,0.0,0.0,0.0,0.0,0.0,0.0,0.0,0.0,0.0,0.0,0.0,0.0,1.0,0.0,0.0,0.0,0.0,0.0,0.0,0.0,0.0,0.0,0.0,0.0,0.0,ae0dac1362a6306d4f6b86eef0669b53046b8ca3,0.0,0.0,38.9062249,0.0,0.0,0.0,0.0,-76.9110627,0.0,0.0,0.0,0.0,0.0,0.0,0.0,0.0,0.0,0.0,Chapel Oaks,0.0,0,0.0,0.0,0.0,0.0,0.0,0.0,ChIJMRy7alG_t4kRuailEI1sR-s,0.0,0.0,0.0,0.0,0.0,0.0,0.0,0.0,0.0,0.0,0.0,0.0,0.0,0.0,0.0,0.0,0.0,0.0,0.0,0.0,0.0,0.0,"5544 Sheriff Rd, Capitol Heights",0.0
65,0.0,0.0,0.0,0.0,0.0,0.0,0.0,0.0,0.0,0.0,0.0,0.0,0.0,0.0,0.0,0.0,0.0,0.0,0.0,0.0,0.0,0.0,0.0,0.0,0.0,0.0,0.0,0.0,0.0,0.0,0.0,0.0,0.0,1.0,0.0,0.0,0.0,0.0,0.0,0.0,0.0,0.0,0.0,0.0,0.0,0.0,c75e27560d68f1c90012c6080b9dcf1687c8c8a0,0.0,0.0,38.9062249,0.0,0.0,0.0,0.0,-76.9110627,0.0,0.0,0.0,0.0,0.0,0.0,0.0,0.0,0.0,0.0,Chapel Oaks,0.0,0,0.0,0.0,0.0,0.0,0.0,0.0,ChIJMRy7alG_t4kR4CYUxrP0FgE,0.0,0.0,0.0,0.0,0.0,0.0,0.0,0.0,0.0,0.0,0.0,0.0,0.0,0.0,0.0,0.0,0.0,0.0,0.0,0.0,0.0,0.0,"5544 Sheriff Road, Capitol Heights",0.0
66,0.0,0.0,0.0,0.0,0.0,0.0,0.0,0.0,0.0,0.0,0.0,0.0,0.0,0.0,0.0,0.0,0.0,0.0,0.0,0.0,0.0,0.0,0.0,0.0,0.0,0.0,0.0,0.0,0.0,0.0,0.0,0.0,0.0,1.0,0.0,0.0,0.0,0.0,0.0,0.0,0.0,0.0,0.0,0.0,0.0,0.0,6fe4ff0e7a5376be061682996798201b7d784793,0.0,0.0,38.8966975,0.0,0.0,0.0,0.0,-77.1271496,0.0,0.0,0.0,0.0,0.0,0.0,0.0,0.0,0.0,0.0,Arlington County Fire Station 8,0.0,0,0.0,0.0,0.0,0.0,0.0,0.0,ChIJ6XL9R7W1t4kRcFyhCUZ0x_A,0.0,0.0,0.0,0.0,0.0,0.0,0.0,0.0,0.0,0.0,0.0,0.0,0.0,0.0,0.0,0.0,0.0,0.0,0.0,0.0,0.0,0.0,"4845 Lee Highway, Arlington",0.0
67,0.0,0.0,0.0,0.0,0.0,0.0,0.0,0.0,0.0,0.0,0.0,0.0,0.0,0.0,0.0,0.0,0.0,0.0,0.0,0.0,0.0,0.0,0.0,0.0,0.0,0.0,0.0,0.0,0.0,0.0,0.0,0.0,0.0,1.0,0.0,0.0,0.0,0.0,0.0,0.0,0.0,0.0,0.0,0.0,0.0,0.0,6fe4ff0e7a5376be061682996798201b7d784793,0.0,0.0,38.8966975,0.0,0.0,0.0,0.0,-77.1271496,0.0,0.0,0.0,0.0,0.0,0.0,0.0,0.0,0.0,0.0,Arlington County Fire Station 8,0.0,0,0.0,0.0,0.0,0.0,0.0,0.0,ChIJ6XL9R7W1t4kRcFyhCUZ0x_A,0.0,0.0,0.0,0.0,0.0,0.0,0.0,0.0,0.0,0.0,0.0,0.0,0.0,0.0,0.0,0.0,0.0,0.0,0.0,0.0,0.0,0.0,"4845 Lee Highway, Arlington",0.0
68,0.0,0.0,0.0,0.0,0.0,0.0,0.0,0.0,0.0,0.0,0.0,0.0,0.0,0.0,0.0,0.0,0.0,0.0,0.0,0.0,0.0,0.0,0.0,0.0,0.0,0.0,0.0,0.0,0.0,0.0,0.0,0.0,0.0,1.0,0.0,0.0,0.0,0.0,0.0,0.0,0.0,0.0,0.0,0.0,0.0,0.0,cb8b9594519a39f59652d5c7c761659f4f19f3bd,0.0,0.0,38.897704,0.0,0.0,0.0,0.0,-77.110225,0.0,0.0,0.0,0.0,0.0,0.0,0.0,0.0,0.0,0.0,Arlington County Fire Station 3,0.0,0,0.0,0.0,0.0,0.0,0.0,0.0,ChIJxfynudO1t4kRb80AmCJYRcQ,0.0,0.0,0.0,0.0,0.0,0.0,0.0,0.0,0.0,0.0,0.0,0.0,0.0,0.0,0.0,0.0,0.0,0.0,0.0,0.0,0.0,0.0,"4100 Old Dominion Drive, Arlington",0.0
69,0.0,0.0,0.0,0.0,0.0,0.0,0.0,0.0,0.0,0.0,0.0,0.0,0.0,0.0,0.0,0.0,0.0,0.0,0.0,0.0,0.0,0.0,0.0,0.0,0.0,0.0,0.0,0.0,0.0,0.0,0.0,0.0,0.0,1.0,0.0,0.0,0.0,0.0,0.0,0.0,0.0,0.0,0.0,0.0,0.0,0.0,17e8ddd79b7b56a3edd562432270b385f4036ae9,0.0,0.0,38.894644,0.0,0.0,0.0,0.0,-77.07665,0.0,0.0,0.0,0.0,0.0,0.0,0.0,0.0,0.0,0.0,Arlington County Fire Station 10,0.0,0,0.0,0.0,0.0,0.0,0.0,0.0,ChIJQ1Xzh162t4kRSK7DZBjAkoo,0.0,0.0,0.0,0.0,0.0,0.0,0.0,0.0,0.0,0.0,0.0,0.0,0.0,0.0,0.0,0.0,0.0,0.0,0.0,0.0,0.0,0.0,"1559 Wilson Boulevard, Arlington",0.0
70,0.0,0.0,0.0,0.0,0.0,0.0,0.0,0.0,0.0,0.0,0.0,0.0,0.0,0.0,0.0,0.0,0.0,0.0,0.0,0.0,0.0,0.0,0.0,0.0,0.0,0.0,0.0,0.0,0.0,0.0,0.0,0.0,0.0,1.0,0.0,0.0,0.0,0.0,0.0,0.0,0.0,0.0,0.0,0.0,0.0,0.0,3b0df2c2e5b14e42c67177305a57038e882b0eea,0.0,0.0,38.8985936,0.0,0.0,0.0,0.0,-77.0475953,0.0,0.0,0.0,0.0,0.0,0.0,0.0,0.0,0.0,0.0,Washington DC Fire & EMS Station,0.0,0,0.0,0.0,0.0,0.0,0.0,0.0,ChIJw5SlNbC3t4kR1DXheDUvEbI,0.0,0.0,0.0,0.0,0.0,0.0,0.0,0.0,0.0,0.0,0.0,0.0,0.0,0.0,0.0,0.0,0.0,0.0,0.0,0.0,0.0,0.0,"2119 G Street Northwest, Washington",0.0
71,0.0,0.0,0.0,0.0,0.0,0.0,0.0,0.0,0.0,0.0,0.0,0.0,0.0,0.0,0.0,0.0,0.0,0.0,0.0,0.0,0.0,0.0,0.0,0.0,0.0,0.0,0.0,0.0,0.0,0.0,0.0,0.0,0.0,1.0,0.0,0.0,0.0,0.0,0.0,0.0,0.0,0.0,0.0,0.0,0.0,0.0,1f2be0286d2739aac9ec9c40ad2415af53832f01,0.0,0.0,38.8985937,0.0,0.0,0.0,0.0,-77.0476229,0.0,0.0,0.0,0.0,0.0,0.0,0.0,0.0,0.0,0.0,Engine 23,0.0,0,0.0,0.0,0.0,0.0,0.0,0.0,ChIJu9NVNLC3t4kRmx-4WQMFZdQ,0.0,0.0,0.0,0.0,0.0,0.0,0.0,0.0,0.0,0.0,0.0,0.0,0.0,0.0,0.0,0.0,0.0,0.0,0.0,0.0,0.0,0.0,"2119 G Street Northwest, Washington",0.0
72,0.0,0.0,0.0,0.0,0.0,0.0,0.0,0.0,0.0,0.0,0.0,0.0,0.0,0.0,0.0,0.0,0.0,0.0,0.0,0.0,0.0,0.0,0.0,0.0,0.0,0.0,0.0,0.0,0.0,0.0,0.0,0.0,0.0,1.0,0.0,0.0,0.0,0.0,0.0,0.0,0.0,0.0,0.0,0.0,0.0,0.0,71b14415c081cf1b29c9402d18faa2a1bac86f06,0.0,0.0,38.895466,0.0,0.0,0.0,0.0,-77.0275312,0.0,0.0,0.0,0.0,0.0,0.0,0.0,0.0,0.0,0.0,Lyondell Basell Industries,0.0,0,0.0,0.0,0.0,0.0,0.0,0.0,ChIJleeiAJq3t4kRWATia9D7hUA,0.0,0.0,0.0,0.0,0.0,0.0,0.0,0.0,0.0,0.0,0.0,0.0,0.0,0.0,0.0,0.0,0.0,0.0,0.0,0.0,0.0,0.0,"1101 Pennsylvania Avenue Northwest # 515, Washington",0.0
73,0.0,0.0,0.0,0.0,0.0,0.0,0.0,0.0,0.0,0.0,0.0,0.0,0.0,0.0,0.0,0.0,0.0,0.0,0.0,0.0,0.0,0.0,0.0,0.0,0.0,0.0,0.0,0.0,0.0,0.0,0.0,0.0,0.0,1.0,0.0,0.0,0.0,0.0,0.0,0.0,0.0,0.0,0.0,0.0,0.0,0.0,783657bfbcdb51d146b6eb46c750aaa1cecb0c65,0.0,0.0,38.8970481,0.0,0.0,0.0,0.0,-77.0195548,0.0,0.0,0.0,0.0,0.0,0.0,0.0,0.0,0.0,0.0,Washington DC Fire & EMS Engine 2 & Rescue Squad 1,0.0,1,0.0,0.0,0.0,0.0,0.0,0.0,ChIJs_6PUI63t4kRf4mr-Q9WQaY,0.0,0.0,0.0,0.0,0.0,0.0,0.0,0.0,0.0,0.0,0.0,0.0,0.0,0.0,0.0,0.0,0.0,0.0,0.0,0.0,0.0,0.0,"500 F Street Northwest, Washington",0.0
74,0.0,0.0,0.0,0.0,0.0,0.0,0.0,0.0,0.0,0.0,0.0,0.0,0.0,0.0,0.0,0.0,0.0,0.0,0.0,0.0,0.0,0.0,0.0,0.0,0.0,0.0,0.0,0.0,0.0,0.0,0.0,0.0,0.0,1.0,0.0,0.0,0.0,0.0,0.0,0.0,0.0,0.0,0.0,0.0,0.0,0.0,0f20ea6e59ee0eab496929928ff3849d71566569,0.0,0.0,38.8970518,0.0,0.0,0.0,0.0,-77.0195539,0.0,0.0,0.0,0.0,0.0,0.0,0.0,0.0,0.0,0.0,DCFD-Engine 2,0.0,1,0.0,0.0,0.0,0.0,0.0,0.0,ChIJExRU5Y63t4kRwopg2mm4aq0,0.0,0.0,0.0,0.0,0.0,0.0,0.0,0.0,0.0,0.0,0.0,0.0,0.0,0.0,0.0,0.0,0.0,0.0,0.0,0.0,0.0,0.0,"500 F Street Northwest, Washington",0.0
75,0.0,0.0,0.0,0.0,0.0,0.0,0.0,0.0,0.0,0.0,0.0,0.0,0.0,0.0,0.0,0.0,0.0,0.0,0.0,0.0,0.0,0.0,0.0,0.0,0.0,0.0,0.0,0.0,0.0,0.0,0.0,0.0,0.0,1.0,0.0,0.0,0.0,0.0,0.0,0.0,0.0,0.0,0.0,0.0,0.0,0.0,71b14415c081cf1b29c9402d18faa2a1bac86f06,0.0,0.0,38.895466,0.0,0.0,0.0,0.0,-77.0275312,0.0,0.0,0.0,0.0,0.0,0.0,0.0,0.0,0.0,0.0,Lyondell Basell Industries,0.0,0,0.0,0.0,0.0,0.0,0.0,0.0,ChIJleeiAJq3t4kRWATia9D7hUA,0.0,0.0,0.0,0.0,0.0,0.0,0.0,0.0,0.0,0.0,0.0,0.0,0.0,0.0,0.0,0.0,0.0,0.0,0.0,0.0,0.0,0.0,"1101 Pennsylvania Avenue Northwest # 515, Washington",0.0
76,0.0,0.0,0.0,0.0,0.0,0.0,0.0,0.0,0.0,0.0,0.0,0.0,0.0,0.0,0.0,0.0,0.0,0.0,0.0,0.0,0.0,0.0,0.0,0.0,0.0,0.0,0.0,0.0,0.0,0.0,0.0,0.0,0.0,1.0,0.0,0.0,0.0,0.0,0.0,0.0,0.0,0.0,0.0,0.0,0.0,0.0,b1bee95572ae7fd05f5358ed4ebe4595025d4c3e,0.0,0.0,38.8958416,0.0,0.0,0.0,0.0,-77.0109105,0.0,0.0,0.0,0.0,0.0,0.0,0.0,0.0,0.0,0.0,Engine Company 03,0.0,1,0.0,0.0,0.0,0.0,0.0,0.0,ChIJydnJ0om3t4kRlPAUBQL5pE8,0.0,0.0,0.0,0.0,0.0,0.0,0.0,0.0,0.0,0.0,0.0,0.0,0.0,0.0,0.0,0.0,0.0,0.0,0.0,0.0,0.0,0.0,"439 New Jersey Avenue Northwest, Washington",0.0
77,0.0,0.0,0.0,0.0,0.0,0.0,0.0,0.0,0.0,0.0,0.0,0.0,0.0,0.0,0.0,0.0,0.0,0.0,0.0,0.0,0.0,0.0,0.0,0.0,0.0,0.0,0.0,0.0,0.0,0.0,0.0,0.0,0.0,1.0,0.0,0.0,0.0,0.0,0.0,0.0,0.0,0.0,0.0,0.0,0.0,0.0,b33608c67884f50d4765cb4d2a2f5cb599d3b442,0.0,0.0,38.8948877,0.0,0.0,0.0,0.0,-77.0155762,0.0,0.0,0.0,0.0,0.0,0.0,0.0,0.0,0.0,0.0,Washington Fire Department-Payroll,0.0,0,0.0,0.0,0.0,0.0,0.0,0.0,ChIJk6EGt4i3t4kRV5B6sTd7km0,0.0,0.0,0.0,0.0,0.0,0.0,0.0,0.0,0.0,0.0,0.0,0.0,0.0,0.0,0.0,0.0,0.0,0.0,0.0,0.0,0.0,0.0,"300 Indiana Avenue Northwest # 4106, Washington",0.0
78,0.0,0.0,0.0,0.0,0.0,0.0,0.0,0.0,0.0,0.0,0.0,0.0,0.0,0.0,0.0,0.0,0.0,0.0,0.0,0.0,0.0,0.0,0.0,0.0,0.0,0.0,0.0,0.0,0.0,0.0,0.0,0.0,0.0,1.0,0.0,0.0,0.0,0.0,0.0,0.0,0.0,0.0,0.0,0.0,0.0,0.0,54c8aefa8596af5f8e91a5cc715e2946477b8192,0.0,0.0,38.890661,0.0,0.0,0.0,0.0,-76.93341,0.0,0.0,0.0,0.0,0.0,0.0,0.0,0.0,0.0,0.0,Washington DC Fire & EMS Station,0.0,0,0.0,0.0,0.0,0.0,0.0,0.0,ChIJSW1hksa4t4kRhhHWz_5YBpE,0.0,0.0,0.0,0.0,0.0,0.0,0.0,0.0,0.0,0.0,0.0,0.0,0.0,0.0,0.0,0.0,0.0,0.0,0.0,0.0,0.0,0.0,"50 49th Street Northeast, Washington",0.0
79,0.0,0.0,0.0,0.0,0.0,0.0,0.0,0.0,0.0,0.0,0.0,0.0,0.0,0.0,0.0,0.0,0.0,0.0,0.0,0.0,0.0,0.0,0.0,0.0,0.0,0.0,0.0,0.0,0.0,0.0,0.0,0.0,0.0,1.0,0.0,0.0,0.0,0.0,0.0,0.0,0.0,0.0,0.0,0.0,0.0,0.0,2cc344aef9fafe25e793cb3f257cac25db606fb0,0.0,0.0,38.8846473,0.0,0.0,0.0,0.0,-77.0958993,0.0,0.0,0.0,0.0,0.0,0.0,0.0,0.0,0.0,0.0,Arlington County Fire Station 4,0.0,0,0.0,0.0,0.0,0.0,0.0,0.0,ChIJLUDGi4S2t4kRSXvBqcJphFE,0.0,0.0,0.0,0.0,0.0,0.0,0.0,0.0,0.0,0.0,0.0,0.0,0.0,0.0,0.0,0.0,0.0,0.0,0.0,0.0,0.0,0.0,"3121 10th Street North, Arlington",0.0
80,0.0,0.0,0.0,0.0,0.0,0.0,0.0,0.0,0.0,0.0,0.0,0.0,0.0,0.0,0.0,0.0,0.0,0.0,0.0,0.0,0.0,0.0,0.0,0.0,0.0,0.0,0.0,0.0,0.0,0.0,0.0,0.0,0.0,1.0,0.0,0.0,0.0,0.0,0.0,0.0,0.0,0.0,0.0,0.0,0.0,0.0,2cc344aef9fafe25e793cb3f257cac25db606fb0,0.0,0.0,38.8846473,0.0,0.0,0.0,0.0,-77.0958993,0.0,0.0,0.0,0.0,0.0,0.0,0.0,0.0,0.0,0.0,Arlington County Fire Station 4,0.0,0,0.0,0.0,0.0,0.0,0.0,0.0,ChIJLUDGi4S2t4kRSXvBqcJphFE,0.0,0.0,0.0,0.0,0.0,0.0,0.0,0.0,0.0,0.0,0.0,0.0,0.0,0.0,0.0,0.0,0.0,0.0,0.0,0.0,0.0,0.0,"3121 10th Street North, Arlington",0.0
81,0.0,0.0,0.0,0.0,0.0,0.0,0.0,0.0,0.0,0.0,0.0,0.0,0.0,0.0,0.0,0.0,0.0,0.0,0.0,0.0,0.0,0.0,0.0,0.0,0.0,0.0,0.0,0.0,0.0,0.0,0.0,0.0,0.0,1.0,0.0,0.0,0.0,0.0,0.0,0.0,0.0,0.0,0.0,0.0,0.0,0.0,bbd816300eb4c834e1beff90a862cb8751e092a2,0.0,0.0,38.8835736,0.0,0.0,0.0,0.0,-77.0193409,0.0,0.0,0.0,0.0,0.0,0.0,0.0,0.0,0.0,0.0,"Engine 13, Truck 10",0.0,0,0.0,0.0,0.0,0.0,0.0,0.0,ChIJo2L0eXi3t4kRcuf9kkhyChE,0.0,0.0,0.0,0.0,0.0,0.0,0.0,0.0,0.0,0.0,0.0,0.0,0.0,1.0,0.0,0.0,0.0,0.0,0.0,0.0,0.0,0.0,"450 6th Street Southwest, Washington",0.0
82,0.0,0.0,0.0,0.0,0.0,0.0,0.0,0.0,0.0,0.0,0.0,0.0,0.0,0.0,0.0,0.0,0.0,0.0,0.0,0.0,0.0,0.0,0.0,0.0,0.0,0.0,0.0,0.0,0.0,0.0,0.0,0.0,0.0,1.0,0.0,0.0,0.0,0.0,0.0,0.0,0.0,0.0,0.0,0.0,0.0,0.0,570576e6cfea63910b8594842a97623e12aa288c,0.0,0.0,38.8832517,0.0,0.0,0.0,0.0,-76.9945884,0.0,0.0,0.0,0.0,0.0,0.0,0.0,0.0,0.0,0.0,Washington DC Fire & EMS Station,0.0,0,0.0,0.0,0.0,0.0,0.0,0.0,ChIJ-Y5wDDO4t4kRsOn2KU0NSis,0.0,0.0,0.0,0.0,0.0,0.0,0.0,0.0,0.0,0.0,0.0,0.0,0.0,0.0,0.0,0.0,0.0,0.0,0.0,0.0,0.0,0.0,"414 8th Street Southeast, Washington",0.0
83,0.0,0.0,0.0,0.0,0.0,0.0,0.0,0.0,0.0,0.0,0.0,0.0,0.0,0.0,0.0,0.0,0.0,0.0,0.0,0.0,0.0,0.0,0.0,0.0,0.0,0.0,0.0,0.0,0.0,0.0,0.0,0.0,0.0,1.0,0.0,0.0,0.0,0.0,0.0,0.0,0.0,0.0,0.0,0.0,0.0,0.0,a4599394535194788bb76dfc0914d0398b2e68e3,0.0,0.0,38.8832543,0.0,0.0,0.0,0.0,-76.9945904,0.0,0.0,0.0,0.0,0.0,0.0,0.0,0.0,0.0,0.0,"Engine 18, Truck 7",0.0,0,0.0,0.0,0.0,0.0,0.0,0.0,ChIJQ-4XDDO4t4kRMPVigED_0Uo,0.0,0.0,0.0,0.0,0.0,0.0,0.0,0.0,0.0,0.0,0.0,0.0,0.0,0.0,0.0,0.0,0.0,0.0,0.0,0.0,0.0,0.0,"414 8th Street Southeast, Washington",0.0
84,0.0,0.0,0.0,0.0,0.0,0.0,0.0,0.0,0.0,0.0,0.0,0.0,0.0,0.0,0.0,0.0,0.0,0.0,0.0,0.0,0.0,0.0,0.0,0.0,0.0,0.0,0.0,0.0,0.0,0.0,0.0,0.0,0.0,1.0,0.0,0.0,0.0,0.0,0.0,0.0,0.0,0.0,0.0,0.0,0.0,0.0,b20a9154dc98ba7ca549b6fa9a4ae97a31eaae6b,0.0,0.0,38.8856423,0.0,0.0,0.0,0.0,-76.9829315,0.0,0.0,0.0,0.0,0.0,0.0,0.0,0.0,0.0,0.0,Washington DC Fire & EMS Station,0.0,0,0.0,0.0,0.0,0.0,0.0,0.0,ChIJPWgeyAG4t4kRhylyH2LtIxE,0.0,0.0,0.0,0.0,0.0,0.0,0.0,0.0,0.0,0.0,0.0,0.0,0.0,0.0,0.0,0.0,0.0,0.0,0.0,0.0,0.0,0.0,"1520 C Street Southeast, Washington",0.0
85,0.0,0.0,0.0,0.0,0.0,0.0,0.0,0.0,0.0,0.0,0.0,0.0,0.0,0.0,0.0,0.0,0.0,0.0,0.0,0.0,0.0,0.0,0.0,0.0,0.0,0.0,0.0,0.0,0.0,0.0,0.0,0.0,0.0,1.0,0.0,0.0,0.0,0.0,0.0,0.0,0.0,0.0,0.0,0.0,0.0,0.0,0d25aee57749ac793d4d6fcf5aa1f2f385308846,0.0,0.0,38.8843886,0.0,0.0,0.0,0.0,-76.9119686,0.0,0.0,0.0,0.0,0.0,0.0,0.0,0.0,0.0,0.0,Prince George's County Fire/EMS Dept. Station 805,0.0,0,0.0,0.0,0.0,0.0,0.0,0.0,ChIJt7VMgjG_t4kRw9CzbuQaobw,0.0,0.0,0.0,0.0,0.0,0.0,0.0,0.0,0.0,0.0,0.0,0.0,0.0,0.0,0.0,0.0,0.0,0.0,0.0,0.0,0.0,0.0,"6061 Central Avenue, Capitol Heights",0.0
86,0.0,0.0,0.0,0.0,0.0,0.0,0.0,0.0,0.0,0.0,0.0,0.0,0.0,0.0,0.0,0.0,0.0,0.0,0.0,0.0,0.0,0.0,0.0,0.0,0.0,0.0,0.0,0.0,0.0,0.0,0.0,0.0,0.0,1.0,0.0,0.0,0.0,0.0,0.0,0.0,0.0,0.0,0.0,0.0,0.0,0.0,e4c0660612b33fcba47f3cdd6cd5a61f5e6acc5d,0.0,0.0,38.8843543,0.0,0.0,0.0,0.0,-76.9119405,0.0,0.0,0.0,0.0,0.0,0.0,0.0,0.0,0.0,0.0,Captiol Heights VFD,0.0,0,0.0,0.0,0.0,0.0,0.0,0.0,ChIJ0aqvgzG_t4kR9HMhpYvw964,0.0,0.0,0.0,0.0,0.0,0.0,0.0,0.0,0.0,0.0,0.0,0.0,0.0,0.0,0.0,0.0,0.0,0.0,0.0,0.0,0.0,0.0,"6061 Central Avenue, Capitol Heights",0.0
87,0.0,0.0,0.0,0.0,0.0,0.0,0.0,0.0,0.0,0.0,0.0,0.0,0.0,0.0,0.0,0.0,0.0,0.0,0.0,0.0,0.0,0.0,0.0,0.0,0.0,0.0,0.0,0.0,0.0,0.0,0.0,0.0,0.0,1.0,0.0,0.0,0.0,0.0,0.0,0.0,0.0,0.0,0.0,0.0,0.0,0.0,68b6f5f1283fbd1c11c5032cf1b33f1ef7475342,0.0,0.0,38.88772,0.0,0.0,0.0,0.0,-76.898793,0.0,0.0,0.0,0.0,0.0,0.0,0.0,0.0,0.0,0.0,Seat Pleasant Volunteer Fire Company,0.0,0,0.0,0.0,0.0,0.0,0.0,0.0,ChIJjUNt-z6_t4kR-vmWeTnHINE,0.0,0.0,0.0,0.0,0.0,0.0,0.0,0.0,0.0,0.0,0.0,0.0,0.0,0.0,0.0,0.0,0.0,0.0,0.0,0.0,0.0,0.0,"6305 Addison Road, Capitol Heights",0.0
88,0.0,0.0,0.0,0.0,0.0,0.0,0.0,0.0,0.0,0.0,0.0,0.0,0.0,0.0,0.0,0.0,0.0,0.0,0.0,0.0,0.0,0.0,0.0,0.0,0.0,0.0,0.0,0.0,0.0,0.0,0.0,0.0,0.0,1.0,0.0,0.0,0.0,0.0,0.0,0.0,0.0,0.0,0.0,0.0,0.0,0.0,cbe7d9c7cb0144fe93b3870c6dc724e7226c83f4,0.0,0.0,38.8786439,0.0,0.0,0.0,0.0,-77.1201414,0.0,0.0,0.0,0.0,0.0,0.0,0.0,0.0,0.0,0.0,Arlington County Fire Station 2,0.0,0,0.0,0.0,0.0,0.0,0.0,0.0,ChIJ8YjwoT60t4kR6uPvSEbdUXY,0.0,0.0,0.0,0.0,0.0,0.0,0.0,0.0,0.0,0.0,0.0,0.0,0.0,0.0,0.0,0.0,0.0,0.0,0.0,0.0,0.0,0.0,"4805 Wilson Boulevard, Arlington",0.0
89,0.0,0.0,0.0,0.0,0.0,0.0,0.0,0.0,0.0,0.0,0.0,0.0,0.0,0.0,0.0,0.0,0.0,0.0,0.0,0.0,0.0,0.0,0.0,0.0,0.0,0.0,0.0,0.0,0.0,0.0,0.0,0.0,0.0,1.0,0.0,0.0,0.0,0.0,0.0,0.0,0.0,0.0,0.0,0.0,0.0,0.0,c7068c4b22bc4fa82b6475e9657d7258fb0c1bb2,0.0,0.0,38.8768581,0.0,0.0,0.0,0.0,-77.0111214,0.0,0.0,0.0,0.0,0.0,0.0,0.0,0.0,0.0,0.0,Washington DC Fire & EMS Station Engine 7,0.0,0,0.0,0.0,0.0,0.0,0.0,0.0,ChIJlWI75X23t4kRvvMNjtRF3iI,0.0,0.0,0.0,0.0,0.0,0.0,0.0,0.0,0.0,0.0,0.0,0.0,0.0,0.0,0.0,0.0,0.0,0.0,0.0,0.0,0.0,0.0,"1101 Half Street Southwest, Washington",0.0
90,0.0,0.0,0.0,0.0,0.0,0.0,0.0,0.0,0.0,0.0,0.0,0.0,0.0,0.0,0.0,0.0,0.0,0.0,0.0,0.0,0.0,0.0,0.0,0.0,0.0,0.0,0.0,0.0,0.0,0.0,0.0,0.0,0.0,1.0,0.0,0.0,0.0,0.0,0.0,0.0,0.0,0.0,0.0,0.0,0.0,0.0,e7c3bf94287c83b0a91562e11b43b8fdf8446382,0.0,0.0,38.876949,0.0,0.0,0.0,0.0,-77.0111869,0.0,0.0,0.0,0.0,0.0,0.0,0.0,0.0,0.0,0.0,District of Columbia: Fire and EMS Department,0.0,0,0.0,0.0,0.0,0.0,0.0,0.0,ChIJ5QYm6H23t4kRvzUubLY5cvk,0.0,0.0,0.0,0.0,0.0,0.0,0.0,0.0,0.0,0.0,0.0,0.0,0.0,0.0,0.0,0.0,0.0,0.0,0.0,0.0,0.0,0.0,"1101 Half Street Southwest, Washington",0.0
91,0.0,0.0,0.0,0.0,0.0,0.0,0.0,0.0,0.0,0.0,0.0,0.0,0.0,0.0,0.0,0.0,0.0,0.0,0.0,0.0,0.0,0.0,0.0,0.0,0.0,0.0,0.0,0.0,0.0,0.0,0.0,0.0,0.0,1.0,0.0,0.0,0.0,0.0,0.0,0.0,0.0,0.0,0.0,0.0,0.0,0.0,0b41646b65894aa6f2cb624d06c7f8ec9a3a6d83,0.0,0.0,38.8786572,0.0,0.0,0.0,0.0,-77.0107991,0.0,0.0,0.0,0.0,0.0,0.0,0.0,0.0,0.0,0.0,Washington DC Fleet Maintenance Division,0.0,0,0.0,0.0,0.0,0.0,0.0,0.0,ChIJlWI75X23t4kRXvbkR-RByFk,0.0,0.0,0.0,0.0,0.0,0.0,0.0,0.0,0.0,0.0,0.0,0.0,0.0,0.0,0.0,0.0,0.0,0.0,0.0,0.0,0.0,0.0,"1103 Half Street Southwest, Washington",0.0
92,0.0,0.0,0.0,0.0,0.0,0.0,0.0,0.0,0.0,0.0,0.0,0.0,0.0,0.0,0.0,0.0,0.0,0.0,0.0,0.0,0.0,0.0,0.0,0.0,0.0,0.0,0.0,0.0,0.0,0.0,0.0,0.0,0.0,1.0,0.0,0.0,0.0,0.0,0.0,0.0,0.0,0.0,0.0,0.0,0.0,0.0,78c08c5ff6991acfc65412d0819007dc3f51c591,0.0,0.0,38.8667634,0.0,0.0,0.0,0.0,-77.0960232,0.0,0.0,0.0,0.0,0.0,0.0,0.0,0.0,0.0,0.0,Arlington County Fire Station 1,0.0,0,0.0,0.0,0.0,0.0,0.0,0.0,ChIJx3E0B6S2t4kRH6TLzaPs-4Y,0.0,0.0,0.0,0.0,0.0,0.0,0.0,0.0,0.0,0.0,0.0,0.0,0.0,0.0,0.0,0.0,0.0,0.0,0.0,0.0,0.0,0.0,"500 South Glebe Road, Arlington",0.0
93,0.0,0.0,0.0,0.0,0.0,0.0,0.0,0.0,0.0,0.0,0.0,0.0,0.0,0.0,0.0,0.0,0.0,0.0,0.0,0.0,0.0,0.0,0.0,0.0,0.0,0.0,0.0,0.0,0.0,0.0,0.0,0.0,0.0,1.0,0.0,0.0,0.0,0.0,0.0,0.0,0.0,0.0,0.0,0.0,0.0,0.0,de30454502c089904ca330b307535a77d3351a62,0.0,0.0,38.8743022,0.0,0.0,0.0,0.0,-77.0817862,0.0,0.0,0.0,0.0,0.0,0.0,0.0,0.0,0.0,0.0,Fort Myer Fire & Emergency Services,0.0,0,0.0,0.0,0.0,0.0,0.0,0.0,ChIJwVQbjZS2t4kRwz2Xx6JgHDw,0.0,0.0,0.0,0.0,0.0,0.0,0.0,0.0,0.0,0.0,0.0,0.0,0.0,0.0,0.0,0.0,0.0,0.0,0.0,0.0,0.0,0.0,United States,0.0
94,0.0,0.0,0.0,0.0,0.0,0.0,0.0,0.0,0.0,0.0,0.0,0.0,0.0,0.0,0.0,0.0,0.0,0.0,0.0,0.0,0.0,0.0,0.0,0.0,0.0,0.0,0.0,0.0,0.0,0.0,0.0,0.0,0.0,1.0,0.0,0.0,0.0,0.0,0.0,0.0,0.0,0.0,0.0,0.0,0.0,0.0,5f3b2dfb8b8f76219a81239bb58404d4ec92bdc1,0.0,0.0,38.873544,0.0,0.0,0.0,0.0,-77.021188,0.0,0.0,0.0,0.0,0.0,0.0,0.0,0.0,0.0,0.0,"Fire Boats 1, 2, & 3",0.0,0,0.0,0.0,0.0,0.0,0.0,0.0,ChIJxTd1UmW3t4kRWzVkNZd4fPU,0.0,0.0,0.0,0.0,0.0,0.0,0.0,0.0,0.0,0.0,0.0,0.0,0.0,0.0,0.0,0.0,0.0,0.0,0.0,0.0,0.0,0.0,"550 Maine Avenue Southwest, Washington",0.0
95,0.0,0.0,0.0,0.0,0.0,0.0,0.0,0.0,0.0,0.0,0.0,0.0,0.0,0.0,0.0,0.0,0.0,0.0,0.0,0.0,0.0,0.0,0.0,0.0,0.0,0.0,0.0,0.0,0.0,0.0,0.0,0.0,0.0,1.0,0.0,0.0,0.0,0.0,0.0,0.0,0.0,0.0,0.0,0.0,0.0,0.0,4b7aa840143a9a66f94556ac1a7879fb5fe8dd42,0.0,0.0,38.8715969,0.0,0.0,0.0,0.0,-76.9670314,0.0,0.0,0.0,0.0,0.0,0.0,0.0,0.0,0.0,0.0,Washington DC Fire & EMS Station,0.0,0,0.0,0.0,0.0,0.0,0.0,0.0,ChIJPWgeyAG4t4kR2IGt4rzkUII,0.0,0.0,0.0,0.0,0.0,0.0,0.0,0.0,0.0,0.0,0.0,0.0,0.0,0.0,0.0,0.0,0.0,0.0,0.0,0.0,0.0,0.0,"2813 Pennsylvania Avenue Southeast, Washington",0.0
96,0.0,0.0,0.0,0.0,0.0,0.0,0.0,0.0,0.0,0.0,0.0,0.0,0.0,0.0,0.0,0.0,0.0,0.0,0.0,0.0,0.0,0.0,0.0,0.0,0.0,0.0,0.0,0.0,0.0,0.0,0.0,0.0,0.0,1.0,0.0,0.0,0.0,0.0,0.0,0.0,0.0,0.0,0.0,0.0,0.0,0.0,839f698c0a16df7b2cd4f401fec51c94e4ab497a,0.0,0.0,38.8676928,0.0,0.0,0.0,0.0,-76.9366823,0.0,0.0,0.0,0.0,0.0,0.0,0.0,0.0,0.0,0.0,Boulevard Heights Fire Department,0.0,0,0.0,0.0,0.0,0.0,0.0,0.0,ChIJ5SxCkSO5t4kR91FhsDss9Wk,0.0,0.0,0.0,0.0,0.0,0.0,0.0,0.0,0.0,0.0,0.0,0.0,0.0,0.0,0.0,0.0,0.0,0.0,0.0,0.0,0.0,0.0,"4101 Alton Street, Capitol Heights",0.0
97,0.0,0.0,0.0,0.0,0.0,0.0,0.0,0.0,0.0,0.0,0.0,0.0,0.0,0.0,0.0,0.0,0.0,0.0,0.0,0.0,0.0,0.0,0.0,0.0,0.0,0.0,0.0,0.0,0.0,0.0,0.0,0.0,0.0,1.0,0.0,0.0,0.0,0.0,0.0,0.0,0.0,0.0,0.0,0.0,0.0,0.0,3ff21c621ade6772ffef0132c3208d8d53b36f81,0.0,0.0,38.857562,0.0,0.0,0.0,0.0,-77.058372,0.0,0.0,0.0,0.0,0.0,0.0,0.0,0.0,0.0,0.0,Arlington County Fire Station 5,0.0,0,0.0,0.0,0.0,0.0,0.0,0.0,ChIJHXtLPti2t4kR5FdJmkhxaWI,0.0,0.0,0.0,0.0,0.0,0.0,0.0,0.0,0.0,0.0,0.0,0.0,0.0,0.0,0.0,0.0,0.0,0.0,0.0,0.0,0.0,0.0,"1750 South Hayes Street, Arlington",0.0
98,0.0,0.0,0.0,0.0,0.0,0.0,0.0,0.0,0.0,0.0,0.0,0.0,0.0,0.0,0.0,0.0,0.0,0.0,0.0,0.0,0.0,0.0,0.0,0.0,0.0,0.0,0.0,0.0,0.0,0.0,0.0,0.0,0.0,1.0,0.0,0.0,0.0,0.0,0.0,0.0,0.0,0.0,0.0,0.0,0.0,0.0,7c4a225bcbec22d5c9b9b89197b7aeaa73a584fc,0.0,0.0,38.8648746,0.0,0.0,0.0,0.0,-76.9860868,0.0,0.0,0.0,0.0,0.0,0.0,0.0,0.0,0.0,0.0,Washington DC Fire & EMS Station,0.0,0,0.0,0.0,0.0,0.0,0.0,0.0,ChIJ93fYy7i5t4kR38_f_yZUgpE,0.0,0.0,0.0,0.0,0.0,0.0,0.0,0.0,0.0,0.0,0.0,0.0,0.0,0.0,0.0,0.0,0.0,0.0,0.0,0.0,0.0,0.0,"2101 14th Street Southeast, Washington",0.0
99,0.0,0.0,0.0,0.0,0.0,0.0,0.0,0.0,0.0,0.0,0.0,0.0,0.0,0.0,0.0,0.0,0.0,0.0,0.0,0.0,0.0,0.0,0.0,0.0,0.0,0.0,0.0,0.0,0.0,0.0,0.0,0.0,0.0,1.0,0.0,0.0,0.0,0.0,0.0,0.0,0.0,0.0,0.0,0.0,0.0,0.0,1d2f27a6f8e39443097badd21b80cf11e743ef47,0.0,0.0,38.8581001,0.0,0.0,0.0,0.0,-76.9053559,0.0,0.0,0.0,0.0,0.0,0.0,0.0,0.0,0.0,0.0,District Heights Volunteer Fire Department,0.0,1,0.0,0.0,0.0,0.0,0.0,0.0,ChIJcfMwmcW-t4kRcAFTs14maJA,0.0,0.0,0.0,0.0,0.0,0.0,0.0,0.0,0.0,0.0,0.0,0.0,0.0,0.0,0.0,0.0,0.0,0.0,0.0,0.0,0.0,0.0,"5900 Marlboro Pike, District Heights",0.0
100,0.0,0.0,0.0,0.0,0.0,0.0,0.0,0.0,0.0,0.0,0.0,0.0,0.0,0.0,0.0,0.0,0.0,0.0,0.0,0.0,0.0,0.0,0.0,0.0,0.0,0.0,0.0,0.0,0.0,0.0,0.0,0.0,0.0,1.0,0.0,0.0,0.0,0.0,0.0,0.0,0.0,0.0,0.0,0.0,0.0,0.0,87db3becf2a2e69a40942f73658fc7690b38e8f5,0.0,0.0,38.851718,0.0,0.0,0.0,0.0,-77.091815,0.0,0.0,0.0,0.0,0.0,0.0,0.0,0.0,0.0,0.0,Arlington County Fire Station 9,0.0,0,0.0,0.0,0.0,0.0,0.0,0.0,ChIJuU_vRK22t4kRZaSOcoN5JbA,0.0,0.0,0.0,0.0,0.0,0.0,0.0,0.0,0.0,0.0,0.0,0.0,0.0,0.0,0.0,0.0,0.0,0.0,0.0,0.0,0.0,0.0,"1900 South Walter Reed Drive, Arlington",0.0
101,0.0,0.0,0.0,0.0,0.0,0.0,0.0,0.0,0.0,0.0,0.0,0.0,0.0,0.0,0.0,0.0,0.0,0.0,0.0,0.0,0.0,0.0,0.0,0.0,0.0,0.0,0.0,0.0,0.0,0.0,0.0,0.0,0.0,1.0,0.0,0.0,0.0,0.0,0.0,0.0,0.0,0.0,0.0,0.0,0.0,0.0,4d95c0d1f03891e497195d3e5bae315895691308,0.0,0.0,38.849989,0.0,0.0,0.0,0.0,-77.051881,0.0,0.0,0.0,0.0,0.0,0.0,0.0,0.0,0.0,0.0,Airport Plaza II,0.0,0,0.0,0.0,0.0,0.0,0.0,0.0,ChIJOQA8lCu3t4kRtNFAS_l61ss,0.0,0.0,0.0,0.0,0.0,0.0,0.0,0.0,0.0,0.0,0.0,0.0,0.0,0.0,0.0,0.0,0.0,0.0,0.0,0.0,0.0,0.0,"2611 Jefferson Davis Highway, Arlington",0.0
102,0.0,0.0,0.0,0.0,0.0,0.0,0.0,0.0,0.0,0.0,0.0,0.0,0.0,0.0,0.0,0.0,0.0,0.0,0.0,0.0,0.0,0.0,0.0,0.0,0.0,0.0,0.0,0.0,0.0,0.0,0.0,0.0,0.0,1.0,0.0,0.0,0.0,0.0,0.0,0.0,0.0,0.0,0.0,0.0,0.0,0.0,f0a6befde96d564ea62d0231feec0bc9ae29bb43,0.0,0.0,38.852579,0.0,0.0,0.0,0.0,-76.97135,0.0,0.0,0.0,0.0,0.0,0.0,0.0,0.0,0.0,0.0,Washington DC Fire & EMS Station,0.0,0,0.0,0.0,0.0,0.0,0.0,0.0,ChIJX2VEXpm5t4kRyrkAhrXbK9g,0.0,0.0,0.0,0.0,0.0,0.0,0.0,0.0,0.0,0.0,0.0,0.0,0.0,0.0,0.0,0.0,0.0,0.0,0.0,0.0,0.0,0.0,"2425 Irving Street Southeast, Washington",0.0
103,0.0,0.0,0.0,0.0,0.0,0.0,0.0,0.0,0.0,0.0,0.0,0.0,0.0,0.0,0.0,0.0,0.0,0.0,0.0,0.0,0.0,0.0,0.0,0.0,0.0,0.0,0.0,0.0,0.0,0.0,0.0,0.0,0.0,1.0,0.0,0.0,0.0,0.0,0.0,0.0,0.0,0.0,0.0,0.0,0.0,0.0,6708451cc538a1f63ee86fd2ed4ccc544e071e7d,0.0,0.0,38.8431596,0.0,0.0,0.0,0.0,-77.0007791,0.0,0.0,0.0,0.0,0.0,0.0,0.0,0.0,0.0,0.0,Engine 25,0.0,0,0.0,0.0,0.0,0.0,0.0,0.0,ChIJo09dTPi5t4kRVy5NKESATAA,0.0,0.0,0.0,0.0,0.0,0.0,0.0,0.0,0.0,0.0,0.0,0.0,0.0,0.0,0.0,0.0,0.0,0.0,0.0,0.0,0.0,0.0,"3203 Martin Luther King Junior Avenue Southeast, Washington",0.0
104,0.0,0.0,0.0,0.0,0.0,0.0,0.0,0.0,0.0,0.0,0.0,0.0,0.0,0.0,0.0,0.0,0.0,0.0,0.0,0.0,0.0,0.0,0.0,0.0,0.0,0.0,0.0,0.0,0.0,0.0,0.0,0.0,0.0,1.0,0.0,0.0,0.0,0.0,0.0,0.0,0.0,0.0,0.0,0.0,0.0,0.0,7750925159abd8e83532291805f5bad53cf295d8,0.0,0.0,38.843195,0.0,0.0,0.0,0.0,-77.00078,0.0,0.0,0.0,0.0,0.0,0.0,0.0,0.0,0.0,0.0,Washington DC Fire & EMS Station,0.0,0,0.0,0.0,0.0,0.0,0.0,0.0,ChIJgZTeHga6t4kRViMG_5B3F-Q,0.0,0.0,0.0,0.0,0.0,0.0,0.0,0.0,0.0,0.0,0.0,0.0,0.0,0.0,0.0,0.0,0.0,0.0,0.0,0.0,0.0,0.0,"3203 Martin Luther King Junior Avenue Southeast, Washington",0.0
105,0.0,0.0,0.0,0.0,0.0,0.0,0.0,0.0,0.0,0.0,0.0,0.0,0.0,0.0,0.0,0.0,0.0,0.0,0.0,0.0,0.0,0.0,0.0,0.0,0.0,0.0,0.0,0.0,0.0,0.0,0.0,0.0,0.0,1.0,0.0,0.0,0.0,0.0,0.0,0.0,0.0,0.0,0.0,0.0,0.0,0.0,2b7de9f32530f0d2cfa31407325af69737da5814,0.0,0.0,38.8366627,0.0,0.0,0.0,0.0,-77.0957204,0.0,0.0,0.0,0.0,0.0,0.0,0.0,0.0,0.0,0.0,Arlington County Fire Station 7,0.0,0,0.0,0.0,0.0,0.0,0.0,0.0,ChIJZUyH7luxt4kRmgIOrhz-eu4,0.0,0.0,0.0,0.0,0.0,0.0,0.0,0.0,0.0,0.0,0.0,0.0,0.0,0.0,0.0,0.0,0.0,0.0,0.0,0.0,0.0,0.0,"3116 South Abingdon Street, Arlington",0.0
106,0.0,0.0,0.0,0.0,0.0,0.0,0.0,0.0,0.0,0.0,0.0,0.0,0.0,0.0,0.0,0.0,0.0,0.0,0.0,0.0,0.0,0.0,0.0,0.0,0.0,0.0,0.0,0.0,0.0,0.0,0.0,0.0,0.0,1.0,0.0,0.0,0.0,0.0,0.0,0.0,0.0,0.0,0.0,0.0,0.0,0.0,2b7de9f32530f0d2cfa31407325af69737da5814,0.0,0.0,38.8366627,0.0,0.0,0.0,0.0,-77.0957204,0.0,0.0,0.0,0.0,0.0,0.0,0.0,0.0,0.0,0.0,Arlington County Fire Station 7,0.0,0,0.0,0.0,0.0,0.0,0.0,0.0,ChIJZUyH7luxt4kRmgIOrhz-eu4,0.0,0.0,0.0,0.0,0.0,0.0,0.0,0.0,0.0,0.0,0.0,0.0,0.0,0.0,0.0,0.0,0.0,0.0,0.0,0.0,0.0,0.0,"3116 South Abingdon Street, Arlington",0.0
107,0.0,0.0,0.0,0.0,0.0,0.0,0.0,0.0,0.0,0.0,0.0,0.0,0.0,0.0,0.0,0.0,0.0,0.0,0.0,0.0,0.0,0.0,0.0,0.0,0.0,0.0,0.0,0.0,0.0,0.0,0.0,0.0,0.0,1.0,0.0,0.0,0.0,0.0,0.0,0.0,0.0,0.0,0.0,0.0,0.0,0.0,946c5349f707970ae0a8467245afc526f71f57f5,0.0,0.0,38.8414,0.0,0.0,0.0,0.0,-76.9439,0.0,0.0,0.0,0.0,0.0,0.0,0.0,0.0,0.0,0.0,Silver Hill Volunteer Fire Department Duke Room,0.0,0,0.0,0.0,0.0,0.0,0.0,0.0,ChIJb2zD4ma5t4kRJIKcayXvmvk,0.0,0.0,0.0,0.0,0.0,0.0,0.0,0.0,0.0,0.0,0.0,0.0,0.0,0.0,0.0,0.0,0.0,0.0,0.0,0.0,0.0,0.0,"3900a Silver Hill Rd, Suitland-Silver Hill",0.0
108,0.0,0.0,0.0,0.0,0.0,0.0,0.0,0.0,0.0,0.0,0.0,0.0,0.0,0.0,0.0,0.0,0.0,0.0,0.0,0.0,0.0,0.0,0.0,0.0,0.0,0.0,0.0,0.0,0.0,0.0,0.0,0.0,0.0,1.0,0.0,0.0,0.0,0.0,0.0,0.0,0.0,0.0,0.0,0.0,0.0,0.0,ebebbc485b916f7d07de32f8046ddb4f0c44c877,0.0,0.0,38.8300498,0.0,0.0,0.0,0.0,-77.07415,0.0,0.0,0.0,0.0,0.0,0.0,0.0,0.0,0.0,0.0,Station 203,0.0,0,0.0,0.0,0.0,0.0,0.0,0.0,ChIJBev0dj6xt4kRLBVL8vgaQxM,0.0,0.0,0.0,0.0,0.0,0.0,0.0,0.0,0.0,0.0,0.0,0.0,0.0,0.0,0.0,0.0,0.0,0.0,0.0,0.0,0.0,0.0,"2801 Cameron Mills Road, Alexandria",0.0
109,0.0,0.0,0.0,0.0,0.0,0.0,0.0,0.0,0.0,0.0,0.0,0.0,0.0,0.0,0.0,0.0,0.0,0.0,0.0,0.0,0.0,0.0,0.0,0.0,0.0,0.0,0.0,0.0,0.0,0.0,0.0,0.0,0.0,1.0,0.0,0.0,0.0,0.0,0.0,0.0,0.0,0.0,0.0,0.0,0.0,0.0,06a6487aff90c75ce8eef7ca5e9b0d6b978ce802,0.0,0.0,38.8317857,0.0,0.0,0.0,0.0,-77.0499171,0.0,0.0,0.0,0.0,0.0,0.0,0.0,0.0,0.0,0.0,Fire Station 209,0.0,0,0.0,0.0,0.0,0.0,0.0,0.0,ChIJSxC96Nuwt4kRip4Ct_1M-y4,0.0,0.0,0.0,0.0,0.0,0.0,0.0,0.0,0.0,0.0,0.0,0.0,0.0,0.0,0.0,0.0,0.0,0.0,0.0,0.0,0.0,0.0,"2800-, 2898 Main Line Boulevard, Alexandria",0.0
110,0.0,0.0,0.0,0.0,0.0,0.0,0.0,0.0,0.0,0.0,0.0,0.0,0.0,0.0,0.0,0.0,0.0,0.0,0.0,0.0,0.0,0.0,0.0,0.0,0.0,0.0,0.0,0.0,0.0,0.0,0.0,0.0,0.0,1.0,0.0,0.0,0.0,0.0,0.0,0.0,0.0,0.0,0.0,0.0,0.0,0.0,1b2013e9bb87c571af34ba705aadd0bde49b05a8,0.0,0.0,38.8308814,0.0,0.0,0.0,0.0,-77.0051584,0.0,0.0,0.0,0.0,0.0,0.0,0.0,0.0,0.0,0.0,Washington DC Fire & EMS Station,0.0,0,0.0,0.0,0.0,0.0,0.0,0.0,ChIJr-ziAga6t4kR6pA-WfA1Ez4,0.0,0.0,0.0,0.0,0.0,0.0,0.0,0.0,0.0,0.0,0.0,0.0,0.0,0.0,0.0,0.0,0.0,0.0,0.0,0.0,0.0,0.0,"101 Atlantic Street Southeast, Washington",0.0
111,0.0,0.0,0.0,0.0,0.0,0.0,0.0,0.0,0.0,0.0,0.0,0.0,0.0,0.0,0.0,0.0,0.0,0.0,0.0,0.0,0.0,0.0,0.0,0.0,0.0,0.0,0.0,0.0,0.0,0.0,0.0,0.0,0.0,1.0,0.0,0.0,0.0,0.0,0.0,0.0,0.0,0.0,0.0,0.0,0.0,0.0,d8e1c6d813f7a2e513f1c8da8695fd60abdf5bb9,0.0,0.0,38.8246239,0.0,0.0,0.0,0.0,-77.0572642,0.0,0.0,0.0,0.0,0.0,0.0,0.0,0.0,0.0,0.0,Station 202,0.0,0,0.0,0.0,0.0,0.0,0.0,0.0,ChIJtcGwuR-xt4kRXuQEPjabhKU,0.0,0.0,0.0,0.0,0.0,0.0,0.0,0.0,0.0,0.0,0.0,0.0,0.0,0.0,0.0,0.0,0.0,0.0,0.0,0.0,0.0,0.0,"213 East Windsor Avenue, Alexandria",0.0
112,0.0,0.0,0.0,0.0,0.0,0.0,0.0,0.0,0.0,0.0,0.0,0.0,0.0,0.0,0.0,0.0,0.0,0.0,0.0,0.0,0.0,0.0,0.0,0.0,0.0,0.0,0.0,0.0,0.0,0.0,0.0,0.0,0.0,1.0,0.0,0.0,0.0,0.0,0.0,0.0,0.0,0.0,0.0,0.0,0.0,0.0,37e8a3bffad1342c2ae0e1545414853b4ab6f034,0.0,0.0,38.8207473,0.0,0.0,0.0,0.0,-77.0161372,0.0,0.0,0.0,0.0,0.0,0.0,0.0,0.0,0.0,0.0,Washington DC Fire & EMS Training Academy,0.0,0,0.0,0.0,0.0,0.0,0.0,0.0,ChIJec1TS5-wt4kRTyrqDtVYK84,0.0,0.0,0.0,0.0,0.0,0.0,0.0,0.0,0.0,0.0,0.0,0.0,0.0,0.0,0.0,0.0,0.0,0.0,0.0,0.0,0.0,0.0,"4600 Shepherd Parkway Southwest, Washington",0.0
113,0.0,0.0,0.0,0.0,0.0,0.0,0.0,0.0,0.0,0.0,0.0,0.0,0.0,0.0,0.0,0.0,0.0,0.0,0.0,0.0,0.0,0.0,0.0,0.0,0.0,0.0,0.0,0.0,0.0,0.0,0.0,0.0,0.0,1.0,0.0,0.0,0.0,0.0,0.0,0.0,0.0,0.0,0.0,0.0,0.0,0.0,a1e8a788c0bc993b6e68b585c6d5ec695320cb6e,0.0,0.0,38.824012,0.0,0.0,0.0,0.0,-77.003148,0.0,0.0,0.0,0.0,0.0,0.0,0.0,0.0,0.0,0.0,Washington DC Fire & EMS Recruit Processing Academy,0.0,0,0.0,0.0,0.0,0.0,0.0,0.0,ChIJyV9sSQy6t4kR6H2L5nexl5k,0.0,0.0,0.0,0.0,0.0,0.0,0.0,0.0,0.0,0.0,0.0,0.0,0.0,0.0,0.0,0.0,0.0,0.0,0.0,0.0,0.0,0.0,"4600 Livingston Road Southeast, Washington",0.0
114,0.0,0.0,0.0,0.0,0.0,0.0,0.0,0.0,0.0,0.0,0.0,0.0,0.0,0.0,0.0,0.0,0.0,0.0,0.0,0.0,0.0,0.0,0.0,0.0,0.0,0.0,0.0,0.0,0.0,0.0,0.0,0.0,0.0,1.0,0.0,0.0,0.0,0.0,0.0,0.0,0.0,0.0,0.0,0.0,0.0,0.0,d7bad3d70382148b68f74e2ff488e3eee6059ef8,0.0,0.0,38.8181185,0.0,0.0,0.0,0.0,-76.9897091,0.0,0.0,0.0,0.0,0.0,0.0,0.0,0.0,0.0,0.0,Oxon Hill Volunteer Fire Department #842,0.0,0,0.0,0.0,0.0,0.0,0.0,0.0,ChIJO0Ic0Gq6t4kRtO2oTwcXbXY,0.0,0.0,0.0,0.0,0.0,0.0,0.0,0.0,0.0,0.0,0.0,0.0,0.0,0.0,0.0,0.0,0.0,0.0,0.0,0.0,0.0,0.0,"1100 Marcy Avenue, Oxon Hill",0.0
115,0.0,0.0,0.0,0.0,0.0,0.0,0.0,0.0,0.0,0.0,0.0,0.0,0.0,0.0,0.0,0.0,0.0,0.0,0.0,0.0,0.0,0.0,0.0,0.0,0.0,0.0,0.0,0.0,0.0,0.0,0.0,0.0,0.0,1.0,0.0,0.0,0.0,0.0,0.0,0.0,0.0,0.0,0.0,0.0,0.0,0.0,46b6e5cc7d5a019212d09bf9112074a5543c330e,0.0,0.0,38.8067755,0.0,0.0,0.0,0.0,-77.0527828,0.0,0.0,0.0,0.0,0.0,0.0,0.0,0.0,0.0,0.0,Station 205,0.0,0,0.0,0.0,0.0,0.0,0.0,0.0,ChIJT3eAFv-wt4kRQ0FMGz03FvI,0.0,0.0,0.0,0.0,0.0,0.0,0.0,0.0,0.0,0.0,0.0,0.0,0.0,0.0,0.0,0.0,0.0,0.0,0.0,0.0,0.0,0.0,"1210 Cameron Street, Alexandria",0.0
116,0.0,0.0,0.0,0.0,0.0,0.0,0.0,0.0,0.0,0.0,0.0,0.0,0.0,0.0,0.0,0.0,0.0,0.0,0.0,0.0,0.0,0.0,0.0,0.0,0.0,0.0,0.0,0.0,0.0,0.0,0.0,0.0,0.0,1.0,0.0,0.0,0.0,0.0,0.0,0.0,0.0,0.0,0.0,0.0,0.0,0.0,d7cfb8a7d60178cad744d83e88a5be03b47af8be,0.0,0.0,38.805396,0.0,0.0,0.0,0.0,-77.042905,1.0,0.0,0.0,0.0,0.0,0.0,0.0,0.0,0.0,0.0,Alexandria Code Enforcement Bureau,0.0,0,0.0,0.0,0.0,0.0,0.0,0.0,ChIJsd4pxPewt4kRmEYJQrBnaQE,0.0,0.0,0.0,0.0,0.0,0.0,0.0,0.0,0.0,0.0,0.0,0.0,0.0,0.0,0.0,0.0,0.0,0.0,0.0,0.0,0.0,0.0,"301 King Street, Alexandria",0.0
117,0.0,0.0,0.0,0.0,0.0,0.0,0.0,0.0,0.0,0.0,0.0,0.0,0.0,0.0,0.0,0.0,0.0,0.0,0.0,0.0,0.0,0.0,0.0,0.0,0.0,0.0,0.0,0.0,0.0,0.0,0.0,0.0,0.0,1.0,0.0,0.0,0.0,0.0,0.0,0.0,0.0,0.0,0.0,0.0,0.0,0.0,250493b182abfee87ff991f0c73bc9da81db51e3,0.0,0.0,38.8036153,0.0,0.0,0.0,0.0,-77.0433666,0.0,0.0,0.0,0.0,0.0,0.0,0.0,0.0,0.0,0.0,Station 201,0.0,0,0.0,0.0,0.0,0.0,0.0,0.0,ChIJGXL4bFiwt4kRCN7JVDtCjvM,0.0,0.0,0.0,0.0,0.0,0.0,0.0,0.0,0.0,0.0,0.0,0.0,0.0,0.0,0.0,0.0,0.0,0.0,0.0,0.0,0.0,0.0,"317 Prince Street, Alexandria",0.0
118,0.0,0.0,0.0,0.0,0.0,0.0,0.0,0.0,0.0,0.0,0.0,0.0,0.0,0.0,0.0,0.0,0.0,0.0,0.0,0.0,0.0,0.0,0.0,0.0,0.0,0.0,0.0,0.0,0.0,0.0,0.0,0.0,0.0,1.0,0.0,0.0,0.0,0.0,0.0,0.0,0.0,0.0,0.0,0.0,0.0,0.0,ea9abbbfa7a498c6b52ce2f07c79a6f7a89a6531,0.0,0.0,38.7999723,0.0,0.0,0.0,0.0,-77.0506896,0.0,0.0,0.0,0.0,0.0,0.0,0.0,0.0,0.0,0.0,Defense Fire Protection,0.0,0,0.0,0.0,0.0,0.0,0.0,0.0,ChIJAQAAAB2xt4kRjaSTttaCwYc,0.0,0.0,0.0,0.0,0.0,0.0,0.0,0.0,0.0,0.0,0.0,0.0,0.0,0.0,0.0,0.0,0.0,0.0,0.0,0.0,0.0,0.0,Alexandria,0.0
119,0.0,0.0,0.0,0.0,0.0,0.0,0.0,0.0,0.0,0.0,0.0,0.0,0.0,0.0,0.0,0.0,0.0,0.0,0.0,0.0,0.0,0.0,0.0,0.0,0.0,0.0,0.0,0.0,0.0,0.0,0.0,0.0,0.0,1.0,0.0,0.0,0.0,0.0,0.0,0.0,0.0,0.0,0.0,0.0,0.0,0.0,b73b0a45d9eed2890105c96e7f47d7126baed056,0.0,0.0,38.7854518,0.0,0.0,0.0,0.0,-76.9902053,0.0,0.0,0.0,0.0,0.0,0.0,0.0,0.0,0.0,0.0,Oxon Hill Volunteer Fire Department,0.0,0,0.0,0.0,0.0,0.0,0.0,0.0,ChIJ453zqpO6t4kRSIJjY0mnFb0,0.0,0.0,0.0,0.0,0.0,0.0,0.0,0.0,0.0,0.0,0.0,0.0,0.0,0.0,0.0,0.0,0.0,0.0,0.0,0.0,0.0,0.0,"7600 Livingston Road, Oxon Hill",0.0
